,Y,X,fmax
0,0.0,0.0,7
1,0.10046735634238549,0.002001000500250125,7
2,0.20025237255236972,0.00400200100050025,7
3,0.29867797509317306,0.006003001500750374,7
4,0.3950775828554772,0.0080040020010005,7
5,0.48880025177723274,0.010005002501250625,7
6,0.5792156984318071,0.012006003001500749,7
7,0.6657191637016925,0.014007003501750874,7
8,0.7477360788928086,0.016008004002001,7
9,0.8247264981736513,0.018009004502251125,7
10,0.8961892630322936,0.02001000500250125,7
11,0.9616658665185714,0.022011005502751375,7
12,1.0207439873625925,0.024012006003001497,7
13,1.0730606666160394,0.026013006503251623,7
14,1.1183051022297834,0.028014007003501748,7
15,1.1562210399386978,0.030015007503751873,7
16,1.186608741949342,0.032016008004002,7
17,1.2093265181942079,0.03401700850425212,7
18,1.2242918083021705,0.03601800900450225,7
19,1.2314818059124777,0.03801900950475237,7
20,1.2309336205020898,0.0400200100050025,7
21,1.2227439754760734,0.04202101050525262,7
22,1.2070684448602997,0.04402201100550275,7
23,1.1841202345071493,0.04602301150575287,7
24,1.154168517250624,0.048024012006002995,7
25,1.11753633489992,0.05002501250625312,7
26,1.0745980833133983,0.052026013006503245,7
27,1.0257766000220527,0.054027013506753374,7
28,0.9715398769480444,0.056028014007003496,7
29,0.9123974236658153,0.058029014507253625,7
30,0.8488963093582622,0.06003001500750375,7
31,0.7816169141075113,0.062031015507753876,7
32,0.7111684224097259,0.064032016008004,7
33,0.6381840937986816,0.06603301650825412,7
34,0.5633163471881297,0.06803401700850424,7
35,0.48723169698486984,0.07003501750875438,7
36,0.41060558017181187,0.0720360180090045,7
37,0.3341171144042414,0.07403701850925462,7
38,0.25844382769649044,0.07603801900950474,7
39,0.1842564004960991,0.07803901950975488,7
40,0.11221346084666273,0.080040020010005,7
41,0.04295647292960225,0.08204102051025512,7
42,-0.022895241447705827,0.08404202101050524,7
43,-0.08474930987910279,0.08604302151075537,7
44,-0.14204490769117906,0.0880440220110055,7
45,-0.19425711198363338,0.09004502251125562,7
46,-0.2409009776739104,0.09204602301150575,7
47,-0.28153530399337967,0.09404702351175587,7
48,-0.3157660622784231,0.09604802401200599,7
49,-0.34324945852156374,0.09804902451225612,7
50,-0.3636946069749143,0.10005002501250625,7
51,-0.3768657941089182,0.10205102551275637,7
52,-0.38258431540021753,0.10405202601300649,7
53,-0.3807298707290263,0.10605302651325663,7
54,-0.37124150758300434,0.10805402701350675,7
55,-0.35411810476483796,0.11005502751375687,7
56,-0.3294183928575084,0.11205602801400699,7
57,-0.29726051128696707,0.11405702851425711,7
58,-0.25782110540894054,0.11605802901450725,7
59,-0.21133397060705328,0.11805902951475737,7
60,-0.15808825389583492,0.1200600300150075,7
61,-0.09842622694735759,0.12206103051525762,7
62,-0.032740647777645515,0.12406203101550775,7
63,0.038528268486971884,0.12606303151575787,7
64,0.11489624631746509,0.128064032016008,7
65,0.19583868767310808,0.13006503251625812,7
66,0.28079472214435186,0.13206603301650824,7
67,0.36917153799904284,0.13406703351675836,7
68,0.46034896060910535,0.13606803401700848,7
69,0.5536842428199071,0.13806903451725863,7
70,0.6485170301839908,0.14007003501750875,7
71,0.7441744626272833,0.14207103551775888,7
72,0.8399763730597891,0.144072036018009,7
73,0.935240542692386,0.14607303651825912,7
74,1.0292879723823731,0.14807403701850924,7
75,1.1214481292063045,0.15007503751875936,7
76,1.2110641276504133,0.15207603801900949,7
77,1.2974978053149537,0.1540770385192596,7
78,1.380134653845331,0.15607803901950976,7
79,1.4583885669234262,0.15807903951975988,7
80,1.5317063685686216,0.16008004002001,7
81,1.5995720866984338,0.16208104052026012,7
82,1.661510938870544,0.16408204102051024,7
83,1.7170929993557944,0.16608304152076037,7
84,1.7659365191583904,0.1680840420210105,7
85,1.8077108732858695,0.1700850425212606,7
86,1.8421391124566675,0.17208604302151073,7
87,1.8690000994949323,0.17408704352176088,7
88,1.8881302138769465,0.176088044022011,7
89,1.899424611236232,0.17808904452226113,7
90,1.902838028079214,0.18009004502251125,7
91,1.8983851254836184,0.18209104552276137,7
92,1.8861403691202518,0.1840920460230115,7
93,1.866237446527883,0.1860930465232616,7
94,1.838868226152816,0.18809404702351173,7
95,1.8042812662117043,0.19009504752376186,7
96,1.7627798849207088,0.19209604802401198,7
97,1.7147198070293501,0.19409704852426213,7
98,1.6605064048769806,0.19609804902451225,7
99,1.6005915553283752,0.19809904952476237,7
100,1.5354701369182235,0.2001000500250125,7
101,1.465676194319237,0.20210105052526262,7
102,1.3917787998236189,0.20410205102551274,7
103,1.3143776438729478,0.20610305152576286,7
104,1.2340983887687318,0.20810405202601298,7
105,1.1515878215290312,0.2101050525262631,7
106,1.0675088434111597,0.21210605302651325,7
107,0.9825353348848278,0.21410705352676337,7
108,0.8973469358040318,0.2161080540270135,7
109,0.8126237811824697,0.21810905452726362,7
110,0.7290412333208132,0.22011005502751374,7
111,0.6472646510624236,0.22211105552776386,7
112,0.5679442366666301,0.22411205602801398,7
113,0.4917100001879189,0.2261130565282641,7
114,0.4191668803397375,0.22811405702851423,7
115,0.3508900596103547,0.23011505752876438,7
116,0.287420509894565,0.2321160580290145,7
117,0.2292608031206771,0.23411705852926462,7
118,0.1768712193010078,0.23611805902951474,7
119,0.13066618213186576,0.23811905952976486,7
120,0.09101104973355889,0.240120060030015,7
121,0.058219285371980956,0.2421210605302651,7
122,0.03255003006203461,0.24412206103051523,7
123,0.014206095842367428,0.24612306153076535,7
124,0.003332395254627585,0.2481240620310155,7
125,1.481918399237614e-05,0.2501250625312656,7
126,0.004279571747126343,0.25212606303151575,7
127,0.016092967375929357,0.25412706353176584,7
128,0.035361691667761486,0.256128064032016,7
129,0.06193352398300911,0.25812906453226614,7
130,0.09559851619667237,0.26013006503251623,7
131,0.13609061847975745,0.2621310655327664,7
132,0.18308973952596086,0.2641320660330165,7
133,0.23622422527632503,0.2661330665332666,7
134,0.2950737369550557,0.2681340670335167,7
135,0.35917250613886764,0.27013506753376687,7
136,0.42801294166366477,0.27213606803401696,7
137,0.5010495604490413,0.2741370685342671,7
138,0.5777032118136594,0.27613806903451726,7
139,0.657365562582843,0.27813906953476736,7
140,0.7394038082709988,0.2801400700350175,7
141,0.8231655738714678,0.2821410705352676,7
142,0.9079839663188329,0.28414207103551775,7
143,0.9931827395145273,0.28614307153576785,7
144,1.0780815319353523,0.288144072036018,7
145,1.1620011362826064,0.2901450725362681,7
146,1.2442687603815366,0.29214607303651824,7
147,1.324223238608427,0.2941470735367684,7
148,1.4012201535056823,0.2961480740370185,7
149,1.4746368279403193,0.29814907453726863,7
150,1.5438771491633385,0.3001500750375187,7
151,1.6083761874286546,0.3021510755377689,7
152,1.6676045734203258,0.30415207603801897,7
153,1.7210726006038954,0.3061530765382691,7
154,1.7683340207467115,0.3081540770385192,7
155,1.8089895032272154,0.31015507753876936,7
156,1.8426897313555024,0.3121560780390195,7
157,1.8691381117372472,0.3141570785392696,7
158,1.8880930757082321,0.31615807903951976,7
159,1.8993699550242893,0.31815907953976985,7
160,1.9028424172869518,0.32016008004002,7
161,1.8984434499929144,0.3221610805402701,7
162,1.8861658855892836,0.32416208104052024,7
163,1.8660624634694178,0.32616308154077034,7
164,1.838245428428443,0.3281640820410205,7
165,1.802885668685557,0.33016508254127064,7
166,1.760211400144179,0.33216608304152073,7
167,1.7105064070733458,0.3341670835417709,7
168,1.6541078528272548,0.336168084042021,7
169,1.5914036775479374,0.3381690845422711,7
170,1.522829602993009,0.3401700850425212,7
171,1.4488657676714451,0.34217108554277137,7
172,1.3700330183319496,0.34417208604302146,7
173,1.2868888865083923,0.3461730865432716,7
174,1.2000232812647096,0.34817408704352176,7
175,1.1100539314782518,0.35017508754377186,7
176,1.0176216129393527,0.352176088044022,7
177,0.923385197210472,0.3541770885442721,7
178,0.8280165605678528,0.35617808904452225,7
179,0.7321953924317757,0.35817908954477234,7
180,0.6366039434692989,0.3601800900450225,7
181,0.5419217540205077,0.3621810905452726,7
182,0.44882040365139775,0.36418209104552274,7
183,0.35795832247314224,0.3661830915457729,7
184,0.2699757043891783,0.368184092046023,7
185,0.18548956164271735,0.37018509254627313,7
186,0.10508895894343873,0.3721860930465232,7
187,0.029330464062021888,0.3741870935467734,7
188,-0.04126614989423505,0.37618809404702347,7
189,-0.10622191725990415,0.3781890945472736,7
190,-0.1651023765845927,0.3801900950475237,7
191,-0.2175209227876096,0.38219109554777386,7
192,-0.26314178874840943,0.38419209604802396,7
193,-0.30168263325550704,0.3861930965482741,7
194,-0.3329167152835395,0.38819409704852426,7
195,-0.3566746377702402,0.39019509754877435,7
196,-0.37284564739735926,0.3921960980490245,7
197,-0.381378480316377,0.3941970985492746,7
198,-0.3822817472744836,0.39619809904952474,7
199,-0.3756238551615948,0.39819909954977484,7
200,-0.36153246558754026,0.400200100050025,7
201,-0.34019349468219884,0.4022011005502751,7
202,-0.3118496618625314,0.40420210105052523,7
203,-0.27679859880176017,0.4062031015507754,7
204,-0.23539053324012926,0.4082041020510255,7
205,-0.18802556556775074,0.4102051025512756,7
206,-0.13515055926214148,0.4122061030515257,7
207,-0.07725566925201865,0.41420710355177587,7
208,-0.01487053508170666,0.41620810405202596,7
209,0.051439831655079815,0.4182091045522761,7
210,0.12107943377655184,0.4202101050525262,7
211,0.1934259149137948,0.42221110555277636,7
212,0.26783539003854595,0.4242121060530265,7
213,0.3436474427249164,0.4262131065532766,7
214,0.42019025046166036,0.42821410705352675,7
215,0.49678579834018477,0.43021510755377684,7
216,0.5727551407597092,0.432216108054027,7
217,0.6474236704189951,0.4342171085542771,7
218,0.7201263538078542,0.43621810905452724,7
219,0.7902128926708512,0.43821910955477733,7
220,0.857052771488636,0.4402201100550275,7
221,0.9200401519046038,0.44222111055527763,7
222,0.9785985762093353,0.4442221110555277,7
223,1.032185443473157,0.4462231115557779,7
224,1.080296223677076,0.44822411205602797,7
225,1.1224683772202884,0.4502251125562781,7
226,1.1582849494630114,0.4522261130565282,7
227,1.1873778124788017,0.45422711355677836,7
228,1.2094305289212022,0.45622811405702846,7
229,1.224180815834727,0.4582291145572786,7
230,1.231422589336654,0.46023011505752875,7
231,1.231007574340516,0.46223111555777885,7
232,1.2228464668588546,0.464232116058029,7
233,1.2069096398861392,0.4662331165582791,7
234,1.1832273873956274,0.46823411705852924,7
235,1.1518897045592011,0.47023511755877934,7
236,1.1130456058890421,0.4722361180590295,7
237,1.0669019865767748,0.4742371185592796,7
238,1.0137220358415469,0.47623811905952973,7
239,0.9538232145662029,0.4782391195597799,7
240,0.8875748128733684,0.48024012006003,7
241,0.8153951065446607,0.4822411205602801,7
242,0.7377481342915092,0.4842421210605302,7
243,0.655140120820759,0.48624312156078037,7
244,0.5681155733800392,0.48824412206103046,7
245,0.47725308199525657,0.4902451225612806,7
246,0.3831608559061862,0.4922461230615307,7
247,0.2864720307480543,0.49424712356178085,7
248,0.18783978280160243,0.496248124062031,7
249,0.08793228812742043,0.4982491245622811,7
250,-0.012572434398869396,0.5002501250625312,7
251,-0.11299175623543965,0.5022511255627814,7
252,-0.2126437080021696,0.5042521260630315,7
253,-0.31085224320664384,0.5062531265632816,7
254,-0.40695245612660025,0.5082541270635317,7
255,-0.5002957134621295,0.5102551275637819,7
256,-0.5902546600383907,0.512256128064032,7
257,-0.6762280598145208,0.5142571285642821,7
258,-0.7576454347291502,0.5162581290645323,7
259,-0.8339714654778889,0.5182591295647824,7
260,-0.9047101201608897,0.5202601300650325,7
261,-0.9694084788449544,0.5222611305652826,7
262,-1.0276602244384858,0.5242621310655328,7
263,-1.0791087728604905,0.5262631315657829,7
264,-1.123450018276879,0.528264132066033,7
265,-1.1604346721568388,0.530265132566283,7
266,-1.1898701780461671,0.5322661330665333,7
267,-1.211622187238558,0.5342671335667833,7
268,-1.225615583924747,0.5362681340670334,7
269,-1.2318350518866454,0.5382691345672836,7
270,-1.2303251783523033,0.5402701350675337,7
271,-1.2211900942101361,0.5422711355677838,7
272,-1.2045926533696487,0.5442721360680339,7
273,-1.1807531576231431,0.5462731365682841,7
274,-1.1499476368809451,0.5482741370685342,7
275,-1.112505698094299,0.5502751375687843,7
276,-1.0688079595186564,0.5522761380690345,7
277,-1.019283090179816,0.5542771385692846,7
278,-0.9644044774611209,0.5562781390695347,7
279,-0.9046865486087171,0.5582791395697848,7
280,-0.8406807746304411,0.560280140070035,7
281,-0.772971387522537,0.5622811405702851,7
282,-0.702170843977251,0.5642821410705352,7
283,-0.6289150706868121,0.5662831415707853,7
284,-0.5538585280497491,0.5682841420710355,7
285,-0.47766913049127774,0.5702851425712856,7
286,-0.40102306271916655,0.5722861430715357,7
287,-0.32459953204220976,0.5742871435717859,7
288,-0.2490754973731813,0.576288144072036,7
289,-0.17512041571862486,0.5782891445722861,7
290,-0.10339104682255185,0.5802901450725362,7
291,-0.03452635618083094,0.5822911455727864,7
292,0.030857444118223998,0.5842921460730365,7
293,0.09217167833869921,0.5862931465732866,7
294,0.14885977680261453,0.5882941470735368,7
295,0.20040159698236437,0.5902951475737869,7
296,0.2463174625304786,0.592296148074037,7
297,0.2861718889804866,0.5942971485742871,7
298,0.31957696727804896,0.5962981490745373,7
299,0.34619537895006136,0.5982991495747874,7
300,0.36574301957081545,0.6003001500750375,7
301,0.37799121021621673,0.6023011505752875,7
302,0.3827684797863693,0.6043021510755378,7
303,0.3799619043984632,0.6063031515757878,7
304,0.36951799348047076,0.6083041520760379,7
305,0.3514431157049297,0.6103051525762881,7
306,0.3258034614639911,0.6123061530765382,7
307,0.29272454217432464,0.6143071535767883,7
308,0.2523902302856852,0.6163081540770384,7
309,0.20504134742214564,0.6183091545772886,7
310,0.1509738115827105,0.6203101550775387,7
311,0.09053635774112623,0.6223111555777888,7
312,0.024127849486889286,0.624312156078039,7
313,-0.047805797485016344,0.6263131565782891,7
314,-0.12477505622363327,0.6283141570785392,7
315,-0.20625056707850675,0.6303151575787893,7
316,-0.29166722471683865,0.6323161580790395,7
317,-0.38042854196737325,0.6343171585792896,7
318,-0.4719112567142695,0.6363181590795397,7
319,-0.5654701461827885,0.6383191595797898,7
320,-0.6604430113533925,0.64032016008004,7
321,-0.7561557929238473,0.6423211605802901,7
322,-0.8519277792207568,0.6443221610805402,7
323,-0.9470768657500777,0.6463231615807904,7
324,-1.0409248256764732,0.6483241620810405,7
325,-1.132802550436865,0.6503251625812906,7
326,-1.2220552199244588,0.6523261630815407,7
327,-1.3080473622248754,0.6543271635817909,7
328,-1.390167763740779,0.656328164082041,7
329,-1.467834191699548,0.6583291645822911,7
330,-1.5404978924906558,0.6603301650825413,7
331,-1.6076478310146216,0.6623311655827914,7
332,-1.6688146382302294,0.6643321660830415,7
333,-1.723574236345063,0.6663331665832916,7
334,-1.7715511135899287,0.6683341670835418,7
335,-1.8124212232298662,0.6703351675837919,7
336,-1.8459144843731723,0.672336168084042,7
337,-1.8718168652220255,0.674337168584292,7
338,-1.8899720326404665,0.6763381690845423,7
339,-1.9002825552723355,0.6783391695847923,7
340,-1.9027106508975407,0.6803401700850424,7
341,-1.897278472242788,0.6823411705852926,7
342,-1.8840679290355176,0.6843421710855427,7
343,-1.8632200476794527,0.6863431715857928,7
344,-1.8349338735092091,0.6883441720860429,7
345,-1.799464924122029,0.6903451725862931,7
346,-1.7571232057596378,0.6923461730865432,7
347,-1.7082708080952744,0.6943471735867933,7
348,-1.6533190960444797,0.6963481740870435,7
349,-1.5927255203372528,0.6983491745872936,7
350,-1.5269900715402356,0.7003501750875437,7
351,-1.4566514049774528,0.7023511755877938,7
352,-1.3822826665454557,0.704352176088044,7
353,-1.304487051733997,0.7063531765882941,7
354,-1.223893132228346,0.7083541770885442,7
355,-1.1411499862685541,0.7103551775887943,7
356,-1.056922170459746,0.7123561780890445,7
357,-0.9718845719549278,0.7143571785892946,7
358,-0.8867171808576033,0.7163581790895447,7
359,-0.8020998233091352,0.7183591795897949,7
360,-0.7187068960299803,0.720360180090045,7
361,-0.6372021430726525,0.7223611805902951,7
362,-0.5582335152175648,0.7243621810905452,7
363,-0.4824281518031295,0.7263631815907954,7
364,-0.41038752383373245,0.7283641820910455,7
365,-0.3426827759608295,0.7303651825912956,7
366,-0.27985030339303907,0.7323661830915458,7
367,-0.22238759797251795,0.7343671835917959,7
368,-0.17074939557146207,0.736368184092046,7
369,-0.1253441546301386,0.7383691845922961,7
370,-0.0865308930946268,0.7403701850925463,7
371,-0.05461640823823688,0.7423711855927964,7
372,-0.029852900886765843,0.7443721860930465,7
373,-0.012436022437521399,0.7463731865932965,7
374,-0.002503359789302495,0.7483741870935467,7
375,-0.00013336991084211824,0.7503751875937968,7
376,-0.005344772294787359,0.7523761880940469,7
377,-0.018096403999978583,0.7543771885942971,7
378,-0.03828753840407506,0.7563781890945472,7
379,-0.06575866519919848,0.7583791895947973,7
380,-0.10029272559298064,0.7603801900950474,7
381,-0.14161679315383535,0.7623811905952976,7
382,-0.1894041872897433,0.7643821910955477,7
383,-0.24327700300098642,0.7663831915957978,7
384,-0.3028090373250789,0.7683841920960479,7
385,-0.36752908982150445,0.7703851925962981,7
386,-0.4369246115485459,0.7723861930965482,7
387,-0.5104456742870614,0.7743871935967983,7
388,-0.5875092292870165,0.7763881940970485,7
389,-0.6675036225715101,0.7783891945972986,7
390,-0.7497933318473499,0.7803901950975487,7
391,-0.8337238883554605,0.7823911955977988,7
392,-0.9186269455631852,0.784392196098049,7
393,-1.0038254554637145,0.7863931965982991,7
394,-1.08863891241495,0.7883941970985492,7
395,-1.1723886239273065,0.7903951975987994,7
396,-1.2544029676012585,0.7923961980990495,7
397,-1.33402259352282,0.7943971985992996,7
398,-1.4106055318469108,0.7963981990995497,7
399,-1.4835321660329124,0.7983991995997999,7
400,-1.552210033236193,0.80040020010005,7
401,-1.616078414697557,0.8024012006003001,7
402,-1.674612680597817,0.8044022011005502,7
403,-1.7273283557454608,0.8064032016008004,7
404,-1.7737848746260179,0.8084042021010505,7
405,-1.8135889967464784,0.8104052026013006,7
406,-1.8463978558372796,0.8124062031015508,7
407,-1.8719216193087074,0.8144072036018009,7
408,-1.889925737375259,0.816408204102051,7
409,-1.900232764437688,0.818409204602301,7
410,-1.902723738623377,0.8204102051025512,7
411,-1.8973391088057254,0.8224112056028013,7
412,-1.8840792019259762,0.8244122061030514,7
413,-1.8630042269991482,0.8264132066033016,7
414,-1.834233815772059,0.8284142071035517,7
415,-1.7979461035878836,0.8304152076038018,7
416,-1.7543763575707825,0.8324162081040519,7
417,-1.7038151627480185,0.8344172086043021,7
418,-1.6466061801487848,0.8364182091045522,7
419,-1.5831434942320375,0.8384192096048023,7
420,-1.5138685701744288,0.8404202101050524,7
421,-1.4392668445692711,0.8424212106053026,7
422,-1.3598639759250455,0.8444222111055527,7
423,-1.276221783985246,0.8464232116058028,7
424,-1.188933909300032,0.848424212106053,7
425,-1.0986212266455473,0.8504252126063031,7
426,-1.0059270477919748,0.8524262131065532,7
427,-0.9115121507520951,0.8544272136068033,7
428,-0.8160496739851282,0.8564282141070535,7
429,-0.7202199150758842,0.8584292146073036,7
430,-0.6247050741486666,0.8604302151075537,7
431,-0.530183982703259,0.8624312156078039,7
432,-0.43732685867292653,0.864432216108054,7
433,-0.34679012830151906,0.8664332166083041,7
434,-0.25921135491947195,0.8684342171085542,7
435,-0.17520431387103652,0.8704352176088044,7
436,-0.09535425171376088,0.8724362181090545,7
437,-0.020213366384852938,0.8744372186093046,7
438,0.0497034566813499,0.8764382191095547,7
439,0.1139226194818117,0.8784392196098049,7
440,0.17201546665277367,0.880440220110055,7
441,0.2236015926658398,0.882441220610305,7
442,0.2683517754144037,0.8844422211105553,7
443,0.305990513484683,0.8864432216108054,7
444,0.3362981474734147,0.8884442221110554,7
445,0.35911254893377453,0.8904452226113055,7
446,0.3743303638780757,0.8924462231115557,7
447,0.3819078012136742,0.8944472236118058,7
448,0.38186096001102765,0.8964482241120559,7
449,0.3742656930725161,0.8984492246123061,7
450,0.35925700785995696,0.9004502251125562,7
451,0.33702800941981614,0.9024512256128063,7
452,0.30782839349032276,0.9044522261130564,7
453,0.271962501456562,0.9064532266133066,7
454,0.22978695221111234,0.9084542271135567,7
455,0.18170786925278215,0.9104552276138068,7
456,0.12817772448916898,0.9124562281140569,7
457,0.06969182317553935,0.9144572286143071,7
458,0.006784457200546989,0.9164582291145572,7
459,-0.059975243503813946,0.9184592296148073,7
460,-0.12998772931358699,0.9204602301150575,7
461,-0.20262768482329602,0.9224612306153076,7
462,-0.2772488822896759,0.9244622311155577,7
463,-0.3531891970384723,0.9264632316158078,7
464,-0.4297757460103723,0.928464232116058,7
465,-0.506330109668931,0.9304652326163081,7
466,-0.5821735968481941,0.9324662331165582,7
467,-0.6566325117851681,0.9344672336168084,7
468,-0.7290433825653921,0.9364682341170585,7
469,-0.7987581105087791,0.9384692346173086,7
470,-0.8651490006344291,0.9404702351175587,7
471,-0.9276136342639667,0.9424712356178089,7
472,-0.985579546044702,0.944472236118059,7
473,-1.038508669187836,0.9464732366183091,7
474,-1.0859015145110598,0.9484742371185592,7
475,-1.1273010509353583,0.9504752376188094,7
476,-1.1622962573967475,0.9524762381190595,7
477,-1.1905253186770501,0.9544772386193096,7
478,-1.21167844041408,0.9564782391195598,7
479,-1.2255002614993178,0.9584792396198099,7
480,-1.2317918451876284,0.96048024012006,7
481,-1.2304122335044712,0.96248124062031,7
482,-1.221279552916431,0.9644822411205602,7
483,-1.2043716627042844,0.9664832416208103,7
484,-1.179726341017552,0.9684842421210604,7
485,-1.1474410071680627,0.9704852426213106,7
486,-1.1076719823097936,0.9724862431215607,7
487,-1.0606332942253616,0.9744872436218108,7
488,-1.0065950354684166,0.9764882441220609,7
489,-0.9458812875683926,0.9784892446223111,7
490,-0.8788676273630397,0.9804902451225612,7
491,-0.8059782347585461,0.9824912456228113,7
492,-0.7276826243024865,0.9844922461230614,7
493,-0.6444920258663778,0.9864932466233116,7
494,-0.5569554424509872,0.9884942471235617,7
495,-0.46565541562652385,0.9904952476238118,7
496,-0.37120353138313555,0.992496248124062,7
497,-0.274235701176289,0.9944972486243121,7
498,-0.175407254691818,0.9964982491245622,7
499,-0.07538788231280003,0.9984992496248123,7
500,0.025143533566219456,1.0005002501250624,7
501,0.12550415837173984,1.0025012506253126,7
502,0.22501247577393688,1.0045022511255628,7
503,0.32299354790596635,1.0065032516258128,7
504,0.41878422466566767,1.008504252126063,7
505,0.511738261779064,1.0105052526263132,7
506,0.6012313080119617,1.0125062531265632,7
507,0.6866657229281845,1.0145072536268134,7
508,0.767475187904892,1.0165082541270634,7
509,0.8431290747159654,1.0185092546273136,7
510,0.9131365378703811,1.0205102551275638,7
511,0.9770502990314852,1.0225112556278138,7
512,1.0344700942259655,1.024512256128064,7
513,1.0850457571617296,1.0265132566283142,7
514,1.1284799147907023,1.0285142571285641,7
515,1.16453027425374,1.0305152576288144,7
516,1.1930114835078913,1.0325162581290646,7
517,1.2137965512361855,1.0345172586293145,7
518,1.2268178150514428,1.0365182591295647,7
519,1.2320674505019957,1.0385192596298147,7
520,1.2295975169417601,1.040520260130065,7
521,1.2195195399118535,1.0425212606303151,7
522,1.2020036332687158,1.0445222611305651,7
523,1.1772771678561595,1.0465232616308153,7
524,1.1456229970288916,1.0485242621310655,7
525,1.1073772527650751,1.0505252626313155,7
526,1.0629267294295262,1.0525262631315657,7
527,1.0127058754407678,1.054527263631816,7
528,0.9571934161303396,1.056528264132066,7
529,0.896908633937304,1.0585292646323161,7
530,0.8324073347335745,1.060530265132566,7
531,0.7642775315048839,1.0625312656328163,7
532,0.6931348788002059,1.0645322661330665,7
533,0.619617893291621,1.0665332666333165,7
534,0.5443829974419814,1.0685342671335667,7
535,0.46809942464743565,1.070535267633817,7
536,0.3914440252934704,1.0725362681340669,7
537,0.3150960139306955,1.074537268634317,7
538,0.23973169823205906,1.0765382691345673,7
539,0.1660192305340626,1.0785392696348173,7
540,0.09461342259010758,1.0805402701350675,7
541,0.02615066367440566,1.0825412706353177,7
542,-0.03875601862482769,1.0845422711355677,7
543,-0.09952171668895671,1.0865432716358179,7
544,-0.1555941833954012,1.0885442721360679,7
545,-0.20645811973922767,1.090545272636318,7
546,-0.2516391763591286,1.0925462731365683,7
547,-0.29070763799206256,1.0945472736368183,7
548,-0.3232817623349431,1.0965482741370685,7
549,-0.34903074746675466,1.0985492746373187,7
550,-0.3676773048598986,1.1005502751375686,7
551,-0.3789998180622436,1.1025512756378189,7
552,-0.3828340703386719,1.104552276138069,7
553,-0.37907452789736407,1.106553276638319,7
554,-0.3676751687660559,1.1085542771385692,7
555,-0.3486498509004391,1.1105552776388192,7
556,-0.3220722166735014,1.1125562781390694,7
557,-0.28807513448322897,1.1145572786393196,7
558,-0.24684968179910272,1.1165582791395696,7
559,-0.19864367751724976,1.1185592796398198,7
560,-0.14375977498287706,1.12056028014007,7
561,-0.08255313043911594,1.12256128064032,7
562,-0.015428664947896076,1.1245622811405702,7
563,0.05716205902458538,1.1265632816408204,7
564,0.1347243221829144,1.1285642821410704,7
565,0.21672406716713166,1.1305652826413206,7
566,0.3025920219495782,1.1325662831415706,7
567,0.39172809594839797,1.1345672836418208,7
568,0.48350601483098404,1.136568284142071,7
569,0.5772781581334674,1.138569284642321,7
570,0.6723805622519367,1.1405702851425712,7
571,0.7681380500813585,1.1425712856428214,7
572,0.8638694475976246,1.1445722861430714,7
573,0.9588928470053577,1.1465732866433216,7
574,1.0525308757132212,1.1485742871435718,7
575,1.144115930353965,1.1505752876438218,7
576,1.2329953353364171,1.152576288144072,7
577,1.318536386000996,1.1545772886443222,7
578,1.4001312373437294,1.1565782891445722,7
579,1.4772016004686854,1.1585792896448224,7
580,1.5492032104173306,1.1605802901450724,7
581,1.6156300307928633,1.1625812906453226,7
582,1.6760181626347426,1.1645822911455728,7
583,1.7299494272881635,1.1665832916458228,7
584,1.7770545955363803,1.168584292146073,7
585,1.8170162380019168,1.1705852926463232,7
586,1.8495711747543977,1.1725862931465731,7
587,1.8745125051649243,1.1745872936468233,7
588,1.8916912022959496,1.1765882941470736,7
589,1.9010172594865005,1.1785892946473235,7
590,1.9024603802585984,1.1805902951475737,7
591,1.8960502062057545,1.1825912956478237,7
592,1.8818760811006081,1.184592296148074,7
593,1.8600863530486658,1.1865932966483241,7
594,1.8308872200907955,1.1885942971485741,7
595,1.7945411281911072,1.1905952976488243,7
596,1.7513647340115255,1.1925962981490745,7
597,1.7017264482431855,1.1945972986493245,7
598,1.6460435785113203,1.1965982991495747,7
599,1.584779093970021,1.198599299649825,7
600,1.5184380366313,1.200600300150075,7
601,1.4475636072073812,1.2026013006503251,7
602,1.3727329557647834,1.204602301150575,7
603,1.294552709773137,1.2066033016508253,7
604,1.2136542741650067,1.2086043021510755,7
605,1.1306889397870317,1.2106053026513255,7
606,1.0463228381063594,1.2126063031515757,7
607,0.9612317812261746,1.214607303651826,7
608,0.8760960271516671,1.2166083041520759,7
609,0.791595010826784,1.218609304652326,7
610,0.7084020817266339,1.2206103051525763,7
611,0.6271792887399129,1.2226113056528263,7
612,0.5485722527093595,1.2246123061530765,7
613,0.4732051663201565,1.2266133066533267,7
614,0.4016759600398079,1.2286143071535767,7
615,0.33455167152823606,1.2306153076538269,7
616,0.27236405436159417,1.2326163081540769,7
617,0.21560546006067682,1.234617308654327,7
618,0.1647250252997554,1.2366183091545773,7
619,0.12012519380879083,1.2386193096548272,7
620,0.08215859989172736,1.2406203101550775,7
621,0.05112533768421301,1.2426213106553277,7
622,0.027270637288220545,1.2446223111555776,7
623,0.010782965771703346,1.2466233116558278,7
624,0.0017925677326593448,1.248624312156078,7
625,0.0003704567244355861,1.250625312656328,7
626,0.006527865349258866,1.2526263131565782,7
627,0.02021615827658374,1.2546273136568282,7
628,0.04132720885954955,1.2566283141570784,7
629,0.06969423643429984,1.2586293146573286,7
630,0.10509309782098863,1.2606303151575786,7
631,0.14724402302954887,1.2626313156578288,7
632,0.19581378173474362,1.264632316158079,7
633,0.2504182637508663,1.266633316658329,7
634,0.3106254535315893,1.2686343171585792,7
635,0.3759587756706674,1.2706353176588294,7
636,0.4459007855073063,1.2726363181590794,7
637,0.5198971762688595,1.2746373186593296,7
638,0.5973610717330231,1.2766383191595796,7
639,0.677677571181976,1.2786393196598298,7
640,0.7602085114677233,1.28064032016008,7
641,0.8442974093274054,1.28264132066033,7
642,0.9292745456922428,1.2846423211605802,7
643,1.0144621526342246,1.2866433216608304,7
644,1.0991796628007617,1.2886443221610804,7
645,1.182748980703247,1.2906453226613306,7
646,1.2644997350565055,1.2926463231615808,7
647,1.3437744715129634,1.2946473236618308,7
648,1.4199337455962624,1.296648324162081,7
649,1.4923610764119313,1.298649324662331,7
650,1.5604677227901662,1.3006503251625812,7
651,1.623697244890149,1.3026513256628314,7
652,1.68152981595619,1.3046523261630814,7
653,1.7334862508496536,1.3066533266633316,7
654,1.7791317201729484,1.3086543271635818,7
655,1.818079121235666,1.3106553276638317,7
656,1.8499920797690144,1.312656328164082,7
657,1.8745875591527867,1.3146573286643322,7
658,1.8916380569573854,1.3166583291645821,7
659,1.9009733717975084,1.3186593296648323,7
660,1.9024819268202702,1.3206603301650826,7
661,1.896111639582321,1.3226613306653325,7
662,1.881870331581674,1.3246623311655827,7
663,1.859825674273234,1.3266633316658327,7
664,1.8301046719848846,1.328664332166083,7
665,1.7928926857355418,1.3306653326663331,7
666,1.7484320055102593,1.3326663331665831,7
667,1.6970199820425498,1.3346673336668333,7
668,1.6390067325638145,1.3366683341670835,7
669,1.5747924382773566,1.3386693346673335,7
670,1.5048242544746588,1.3406703351675837,7
671,1.429592857210187,1.342671335667834,7
672,1.3496286532637445,1.344672336168084,7
673,1.2654976827261442,1.346673336668334,7
674,1.1777972459229193,1.348674337168584,7
675,1.08715128852457,1.3506753376688343,7
676,0.9942055805637883,1.3526763381690845,7
677,0.8996227266749313,1.3546773386693345,7
678,0.8040770461778941,1.3566783391695847,7
679,0.7082493626356248,1.358679339669835,7
680,0.6128217432154184,1.3606803401700849,7
681,0.5184722285724254,1.362681340670335,7
682,0.4258695940476004,1.3646823411705853,7
683,0.3356681827292376,1.3666833416708353,7
684,0.24850285037157416,1.3686843421710855,7
685,0.16498406129783705,1.3706853426713355,7
686,0.08569317324613679,1.3726863431715857,7
687,0.01117794765470781,1.3746873436718359,7
688,-0.05805167986279558,1.3766883441720859,7
689,-0.12152753611466427,1.378689344672336,7
690,-0.1788268235315631,1.3806903451725863,7
691,-0.2295753820038008,1.3826913456728362,7
692,-0.27345057410875995,1.3846923461730865,7
693,-0.3101837713970347,1.3866933466733367,7
694,-0.3395624224939968,1.3886943471735866,7
695,-0.36143168701035167,1.3906953476738368,7
696,-0.3756956226161078,1.392696348174087,7
697,-0.3823179160913118,1.394697348674337,7
698,-0.3813221526965944,1.3966983491745872,7
699,-0.37279162178034186,1.3986993496748372,7
700,-0.3568686601290587,1.4007003501750874,7
701,-0.3337535381456306,1.4027013506753376,7
702,-0.30370289747891044,1.4047023511755876,7
703,-0.2670277522001576,1.4067033516758378,7
704,-0.22409106900013676,1.408704352176088,7
705,-0.17530494513944084,1.410705352676338,7
706,-0.12112740599798533,1.4127063531765882,7
707,-0.062058847014490603,1.4147073536768384,7
708,0.0013618524409896304,1.4167083541770884,7
709,0.06856151317882053,1.4187093546773386,7
710,0.1389371058964316,1.4207103551775886,7
711,0.21186043203506755,1.4227113556778388,7
712,0.28668299955199283,1.424712356178089,7
713,0.3627410558653944,1.426713356678339,7
714,0.43936073901208744,1.4287143571785892,7
715,0.5158633071433052,1.4307153576788394,7
716,0.5915704058776278,1.4327163581790894,7
717,0.6658093327366549,1.4347173586793396,7
718,0.7379182579119963,1.4367183591795898,7
719,0.8072513609498602,1.4387193596798398,7
720,0.8731838435906433,1.44072036018009,7
721,0.9351167799591124,1.44272136068034,7
722,0.9924817665603232,1.4447223611805902,7
723,1.0447453360854002,1.4467233616808404,7
724,1.0914131008600079,1.4487243621810904,7
725,1.1320335938608372,1.4507253626813406,7
726,1.1662017775662847,1.4527263631815908,7
727,1.1935621934789438,1.4547273636818407,7
728,1.213811727938571,1.456728364182091,7
729,1.2267019728144857,1.4587293646823412,7
730,1.2320411628021894,1.4607303651825911,7
731,1.2296956743261533,1.4627313656828413,7
732,1.219591074444278,1.4647323661830915,7
733,1.201712711632601,1.4667333666833415,7
734,1.1761058438749836,1.4687343671835917,7
735,1.1428753030639924,1.4707353676838417,7
736,1.1021846983083132,1.472736368184092,7
737,1.0542551643112246,1.4747373686843421,7
738,0.9993636645059858,1.4767383691845921,7
739,0.9378408620802884,1.4787393696848423,7
740,0.8700685753670129,1.4807403701850925,7
741,0.7964768372953412,1.4827413706853425,7
742,0.7175405816611665,1.4847423711855927,7
743,0.6337759818647812,1.486743371685843,7
744,0.5457364704530183,1.488744372186093,7
745,0.45400847027464847,1.490745372686343,7
746,0.3592068702897128,1.492746373186593,7
747,0.26197028104958264,1.4947473736868433,7
748,0.16295610657104792,1.4967483741870935,7
749,0.0628354707476161,1.4987493746873435,7
750,-0.03771196243166762,1.5007503751875937,7
751,-0.13800323476432408,1.502751375687844,7
752,-0.23735736521396883,1.5047523761880939,7
753,-0.33510060598645,1.506753376688344,7
754,-0.43057164262022213,1.5087543771885943,7
755,-0.5231266978419924,1.5107553776888443,7
756,-0.6121444996835278,1.5127563781890945,7
757,-0.697031075406204,1.5147573786893445,7
758,-0.7772243341282672,1.5167583791895947,7
759,-0.8521984026852398,1.5187593796898449,7
760,-0.9214676811640883,1.5207603801900949,7
761,-0.9845905867215856,1.522761380690345,7
762,-1.041172956710133,1.5247623811905953,7
763,-1.0908710847714929,1.5267633816908452,7
764,-1.1333943663998407,1.5287643821910955,7
765,-1.1685075334984638,1.5307653826913457,7
766,-1.1960324606358432,1.5327663831915956,7
767,-1.215849529022163,1.5347673836918458,7
768,-1.2278985376505753,1.5367683841920958,7
769,-1.2321791545530194,1.538769384692346,7
770,-1.2287509046798266,1.5407703851925962,7
771,-1.217732694499363,1.5427713856928462,7
772,-1.1993018769997588,1.5447723861930964,7
773,-1.1736928643325375,1.5467733866933466,7
774,-1.1411952988391463,1.5487743871935966,7
775,-1.1021517966199714,1.5507753876938468,7
776,-1.056955281114117,1.552776388194097,7
777,-1.0060459273314808,1.554777388694347,7
778,-0.9499077403928591,1.5567783891945972,7
779,-0.8890647948640256,1.5587793896948474,7
780,-0.8240771639956077,1.5607803901950974,7
781,-0.7555365703807544,1.5627813906953476,7
782,-0.684061791698958,1.5647823911955976,7
783,-0.6102938571101965,1.5667833916958478,7
784,-0.5348910714839348,1.568784392196098,7
785,-0.45852390598026344,1.570785392696348,7
786,-0.38186979453483627,1.5727863931965982,7
787,-0.30560787652771815,1.5747873936968484,7
788,-0.2304137263326998,1.5767883941970984,7
789,-0.1569541105452782,1.5787893946973486,7
790,-0.0858818134731274,1.5807903951975988,7
791,-0.017830570944679436,1.5827913956978488,7
792,0.04658984834744051,1.584792396198099,7
793,0.10679837589265873,1.586793396698349,7
794,0.16224715416050273,1.5887943971985992,7
795,0.2124257902322776,1.5907953976988494,7
796,0.2568653193390126,1.5927963981990994,7
797,0.2951418476240262,1.5947973986993496,7
798,0.3268798459308818,1.5967983991995998,7
799,0.35175506911953014,1.5987993996998497,7
800,0.3694970783113426,1.6008004002001,7
801,0.3798913465376883,1.6028014007003502,7
802,0.3827809314913976,1.6048024012006001,7
803,0.37806770243106746,1.6068034017008503,7
804,0.3657131117395479,1.6088044022011003,7
805,0.3457385051623797,1.6108054027013505,7
806,0.31822496832296987,1.6128064032016007,7
807,0.283312710700631,1.6148074037018507,7
808,0.2411999918380252,1.616808404202101,7
809,0.19214159808789022,1.6188094047023511,7
810,0.1364468816880008,1.6208104052026011,7
811,0.07447737734116577,1.6228114057028513,7
812,0.006644014747414384,1.6248124062031015,7
813,-0.06659605133695512,1.6268134067033515,7
814,-0.1447429689781904,1.6288144072036017,7
815,-0.2272580475758642,1.630815407703852,7
816,-0.3135679171403682,1.632816408204102,7
817,-0.4030689561440688,1.634817408704352,7
818,-0.4951319536734691,1.636818409204602,7
819,-0.5891069697969856,1.6388194097048523,7
820,-0.6843283565278967,1.6408204102051025,7
821,-0.7801199005192087,1.6428214107053525,7
822,-0.8758000476851409,1.6448224112056027,7
823,-0.9706871693090017,1.646823411705853,7
824,-1.0641048288769865,1.6488244122061029,7
825,-1.1553870088713385,1.650825412706353,7
826,-1.2438832570658152,1.6528264132066033,7
827,-1.3289637124905522,1.6548274137068533,7
828,-1.410023972163636,1.6568284142071035,7
829,-1.4864897609200116,1.6588294147073535,7
830,-1.5578213681922104,1.6608304152076037,7
831,-1.6235178174010112,1.6628314157078539,7
832,-1.6831207356845086,1.6648324162081038,7
833,-1.7362178940127855,1.666833416708354,7
834,-1.782446390287344,1.6688344172086043,7
835,-1.8214954507876406,1.6708354177088542,7
836,-1.853108828281281,1.6728364182091044,7
837,-1.8770867782364433,1.6748374187093547,7
838,-1.8932875978407857,1.6768384192096046,7
839,-1.9016287159151584,1.6788394197098548,7
840,-1.9020873252867112,1.6808404202101048,7
841,-1.8947005527275995,1.682841420710355,7
842,-1.879565165144887,1.6848424212106052,7
843,-1.8568368142969292,1.6868434217108552,7
844,-1.8267288258835017,1.6888444222111054,7
845,-1.789510542383685,1.6908454227113556,7
846,-1.7455052324697964,1.6928464232116056,7
847,-1.6950875831803285,1.6948474237118558,7
848,-1.6386807942648847,1.696848424212106,7
849,-1.5767532971930605,1.698849424712356,7
850,-1.509815124224576,1.7008504252126062,7
851,-1.438413955647093,1.7028514257128564,7
852,-1.3631308757783989,1.7048524262131064,7
853,-1.2845758705847774,1.7068534267133566,7
854,-1.2033831017670622,1.7088544272136066,7
855,-1.1202059938956086,1.7108554277138568,7
856,-1.03571217262366,1.712856428214107,7
857,-0.9505782931598226,1.714857428714357,7
858,-0.8654847990311041,1.7168584292146072,7
859,-0.7811106517066473,1.7188594297148574,7
860,-0.6981280718782271,1.7208604302151074,7
861,-0.6171973331032026,1.7228614307153576,7
862,-0.5389616481102797,1.7248624312156078,7
863,-0.46404218735117386,1.7268634317158578,7
864,-0.39303326835755836,1.728864432216108,7
865,-0.32649775314055063,1.730865432716358,7
866,-0.26496268925959066,1.7328664332166082,7
867,-0.2089152283014215,1.7348674337168584,7
868,-0.15879885336253996,1.7368684342171083,7
869,-0.11500994473662629,1.7388694347173586,7
870,-0.07789471039053697,1.7408704352176088,7
871,-0.04774650498877264,1.7428714357178587,7
872,-0.024803558218733257,1.744872436218109,7
873,-0.009247130000843762,1.7468734367183592,7
874,-0.0012001068633090695,1.7488744372186091,7
875,-0.0007260503463339951,1.7508754377188593,7
876,-0.007828704801772779,1.7528764382191093,7
877,-0.022451968398072286,1.7548774387193595,7
878,-0.04448032755496889,1.7568784392196097,7
879,-0.07373975144514111,1.7588794397198597,7
880,-0.10999903963894109,1.76088044022011,7
881,-0.15297161246047086,1.7628814407203601,7
882,-0.2023177301968374,1.76488244122061,7
883,-0.25764712398246703,1.7668834417208603,7
884,-0.31852201799383817,1.7688844422211105,7
885,-0.3844605195613441,1.7708854427213605,7
886,-0.45494035095653584,1.7728864432216107,7
887,-0.5294028939687094,1.774887443721861,7
888,-0.6072575159633676,1.776888444222111,7
889,-0.6878861439363174,1.778889444722361,7
890,-0.7706480511575158,1.780890445222611,7
891,-0.8548848193531812,1.7828914457228613,7
892,-0.9399254380159155,1.7848924462231115,7
893,-1.0250915013710993,1.7868934467233615,7
894,-1.1097024627718879,1.7888944472236117,7
895,-1.193080905850587,1.7908954477238619,7
896,-1.274557791624438,1.7928964482241119,7
897,-1.3534776409399518,1.794897448724362,7
898,-1.4292036121404303,1.7968984492246123,7
899,-1.501122434652192,1.7988994497248623,7
900,-1.5686491603006367,1.8009004502251125,7
901,-1.6312316955773212,1.8029014507253625,7
902,-1.6883550797759217,1.8049024512256127,7
903,-1.739545475880737,1.8069034517258629,7
904,-1.7843738433158443,1.8089044522261128,7
905,-1.8224592641250932,1.810905452726363,7
906,-1.8534718968355017,1.8129064532266133,7
907,-1.8771355351391787,1.8149074537268632,7
908,-1.8932297515870733,1.8169084542271134,7
909,-1.9015916097004588,1.8189094547273637,7
910,-1.9021169312466617,1.8209104552276136,7
911,-1.894761108868587,1.8229114557278638,7
912,-1.8795394577769755,1.8249124562281138,7
913,-1.8565271037820401,1.826913456728364,7
914,-1.825858408530204,1.8289144572286142,7
915,-1.7877259363937457,1.8309154577288642,7
916,-1.7423789710091433,1.8329164582291144,7
917,-1.6901215929457227,1.8349174587293646,7
918,-1.6313103333832952,1.8369184592296146,7
919,-1.5663514219593608,1.8389194597298648,7
920,-1.4956976500877714,1.840920460230115,7
921,-1.41984487402714,1.842921460730365,7
922,-1.3393281847658067,1.8449224612306152,7
923,-1.2547177743691627,1.8469234617308652,7
924,-1.1666145307846063,1.8489244622311154,7
925,-1.0756453952013159,1.8509254627313656,7
926,-0.9824585178998927,1.8529264632316156,7
927,-0.8877182500867278,1.8549274637318658,7
928,-0.7921000104774725,1.856928464232116,7
929,-0.6962850663635591,1.858929464732366,7
930,-0.6009552695572559,1.8609304652326162,7
931,-0.5067877879608734,1.8629314657328664,7
932,-0.41444987353828594,1.8649324662331164,7
933,-0.3245937071863385,1.8669334667333666,7
934,-0.2378513604079363,1.8689344672336168,7
935,-0.1548299127841054,1.8709354677338668,7
936,-0.07610676303718822,1.872936468234117,7
937,-0.002225169978094521,1.874937468734367,7
938,0.06630994214866603,1.8769384692346172,7
939,0.12903588145479095,1.8789394697348674,7
940,0.18553575916399045,1.8809404702351173,7
941,0.2354417056956286,1.8829414707353676,7
942,0.2784377071839693,1.8849424712356178,7
943,0.31426204047860495,1.8869434717358677,7
944,0.3427092877796345,1.888944472236118,7
945,0.36363191531509553,1.8909454727363681,7
946,0.3769414038426281,1.8929464732366181,7
947,0.38260892222655274,1.8949474737368683,7
948,0.3806655388783534,1.8969484742371183,7
949,0.3712019694257437,1.8989494747373685,7
950,0.3543678625653961,1.9009504752376187,7
951,0.3303706296290507,1.9029514757378687,7
952,0.2994738269247166,1.904952476238119,7
953,0.2619951033763551,1.9069534767383691,7
954,0.21830372935040654,1.908954477238619,7
955,0.16881772579909315,1.9109554777388693,7
956,0.11400061594464794,1.9129564782391195,7
957,0.05435782464991745,1.9149574787393695,7
958,-0.009567246652003703,1.9169584792396197,7
959,-0.0771974390846204,1.9189594797398697,7
960,-0.14792631685171465,1.92096048024012,7
961,-0.22112287447353907,1.92296148074037,7
962,-0.29613643429767467,1.92496248124062,7
963,-0.37230169637278754,1.9269634817408703,7
964,-0.4489439015945625,1.9289644822411205,7
965,-0.5253840681566574,1.9309654827413705,7
966,-0.6009442607712597,1.9329664832416207,7
967,-0.6749528518709279,1.9349674837418709,7
968,-0.7467497340650233,1.9369684842421209,7
969,-0.8156914435014941,1.938969484742371,7
970,-0.8811561544743858,1.9409704852426213,7
971,-0.9425485066140212,1.9429714857428713,7
972,-0.9993042272927234,1.9449724862431215,7
973,-1.0508945134640781,1.9469734867433715,7
974,-1.0968301390157786,1.9489744872436217,7
975,-1.1366652558408372,1.9509754877438719,7
976,-1.1700008592026265,1.9529764882441218,7
977,-1.1964878905677998,1.954977488744372,7
978,-1.2158299538873207,1.9569784892446223,7
979,-1.2277856242978484,1.9589794897448722,7
980,-1.2321703313707697,1.9609804902451224,7
981,-1.2288578023291263,1.9629814907453726,7
982,-1.2177810540590066,1.9649824912456226,7
983,-1.1989329262343853,1.9669834917458728,7
984,-1.172366151426411,1.9689844922461228,7
985,-1.1381929616521398,1.970985492746373,7
986,-1.0965842344059613,1.9729864932466232,7
987,-1.0477681847814766,1.9749874937468732,7
988,-0.9920286138051113,1.9769884942471234,7
989,-0.9297027265380797,1.9789894947473736,7
990,-0.8611785368331295,1.9809904952476236,7
991,-0.7868918788324292,1.9829914957478738,7
992,-0.7073230483366968,1.984992496248124,7
993,-0.6229931000407463,1.986993496748374,7
994,-0.5344598292943968,1.9889944972486242,7
995,-0.44231346948963635,1.9909954977488742,7
996,-0.34717213837606187,1.9929964982491244,7
997,-0.2496770685501402,1.9949974987493746,7
998,-0.15048765903433794,1.9969984992496246,7
999,-0.05027638624708701,1.9989994997498748,7
1000,0.05027638624706143,2.0010005002501248,7
1001,0.15048765903432837,2.003001500750375,7
1002,0.24967706855011693,2.005002501250625,7
1003,0.3471721383760373,2.007003501750875,7
1004,0.4423134694896273,2.0090045022511256,7
1005,0.5344598292943754,2.0110055027513756,7
1006,0.6229931000407241,2.0130065032516256,7
1007,0.7073230483366904,2.015007503751876,7
1008,0.7868918788324213,2.017008504252126,7
1009,0.861178536833111,2.019009504752376,7
1010,0.9297027265380746,2.0210105052526264,7
1011,0.9920286138051049,2.0230115057528764,7
1012,1.0477681847814577,2.0250125062531263,7
1013,1.0965842344059489,2.0270135067533763,7
1014,1.1381929616521327,2.0290145072536268,7
1015,1.172366151426401,2.0310155077538767,7
1016,1.19893292623438,2.0330165082541267,7
1017,1.2177810540590048,2.035017508754377,7
1018,1.2288578023291241,2.037018509254627,7
1019,1.2321703313707721,2.039019509754877,7
1020,1.2277856242978524,2.0410205102551275,7
1021,1.2158299538873218,2.0430215107553775,7
1022,1.1964878905678114,2.0450225112556275,7
1023,1.1700008592026339,2.047023511755878,7
1024,1.1366652558408479,2.049024512256128,7
1025,1.096830139015789,2.051025512756378,7
1026,1.0508945134640801,2.0530265132566283,7
1027,0.9993042272927366,2.0550275137568783,7
1028,0.9425485066140357,2.0570285142571283,7
1029,0.8811561544743907,2.0590295147573787,7
1030,0.8156914435015106,2.0610305152576287,7
1031,0.7467497340650389,2.0630315157578787,7
1032,0.6749528518709336,2.065032516258129,7
1033,0.6009442607712778,2.067033516758379,7
1034,0.5253840681566743,2.069034517258629,7
1035,0.4489439015945685,2.0710355177588795,7
1036,0.372301696372792,2.0730365182591295,7
1037,0.2961364342977054,2.0750375187593795,7
1038,0.2211228744735555,2.0770385192596295,7
1039,0.1479263168517187,2.07903951975988,7
1040,0.07719743908464854,2.08104052026013,7
1041,0.009567246652018135,2.08304152076038,7
1042,-0.05435782464990235,2.0850425212606303,7
1043,-0.11400061594464495,2.0870435217608803,7
1044,-0.16881772579907184,2.0890445222611302,7
1045,-0.21830372935039521,2.0910455227613807,7
1046,-0.26199510337635346,2.0930465232616307,7
1047,-0.2994738269247025,2.0950475237618806,7
1048,-0.33037062962904395,2.097048524262131,7
1049,-0.3543678625653911,2.099049524762381,7
1050,-0.3712019694257417,2.101050525262631,7
1051,-0.3806655388783503,2.1030515257628815,7
1052,-0.38260892222655285,2.1050525262631314,7
1053,-0.3769414038426301,2.1070535267633814,7
1054,-0.36363191531509687,2.109054527263632,7
1055,-0.34270928777964027,2.111055527763882,7
1056,-0.3142620404786125,2.113056528264132,7
1057,-0.2784377071839723,2.1150575287643822,7
1058,-0.23544170569563827,2.1170585292646322,7
1059,-0.1855357591640031,2.119059529764882,7
1060,-0.12903588145480505,2.121060530265132,7
1061,-0.06630994214867114,2.1230615307653826,7
1062,0.0022251699780675427,2.1250625312656326,7
1063,0.07610676303717023,2.1270635317658826,7
1064,0.15482991278409775,2.129064532266133,7
1065,0.23785136040791738,2.131065532766383,7
1066,0.32459370718631747,2.133066533266633,7
1067,0.4144498735382642,2.1350675337668834,7
1068,0.5067877879608651,2.1370685342671334,7
1069,0.6009552695572333,2.1390695347673834,7
1070,0.6962850663635363,2.141070535267634,7
1071,0.7921000104774638,2.143071535767884,7
1072,0.8877182500866898,2.1450725362681338,7
1073,0.9824585178998704,2.147073536768384,7
1074,1.075645395201294,2.149074537268634,7
1075,1.1666145307845706,2.151075537768884,7
1076,1.254717774369142,2.1530765382691346,7
1077,1.3393281847657872,2.1550775387693846,7
1078,1.4198448740271203,2.1570785392696346,7
1079,1.495697650087766,2.159079539769885,7
1080,1.5663514219593448,2.161080540270135,7
1081,1.6313103333832797,2.163081540770385,7
1082,1.6901215929457185,2.1650825412706354,7
1083,1.7423789710091317,2.1670835417708854,7
1084,1.787725936393735,2.1690845422711353,7
1085,1.8258584085301952,2.1710855427713853,7
1086,1.8565271037820374,2.1730865432716358,7
1087,1.8795394577769682,2.1750875437718857,7
1088,1.8947611088685834,2.1770885442721357,7
1089,1.9021169312466606,2.179089544772386,7
1090,1.9015916097004602,2.181090545272636,7
1091,1.8932297515870757,2.183091545772886,7
1092,1.8771355351391836,2.1850925462731365,7
1093,1.8534718968355086,2.1870935467733865,7
1094,1.822459264125101,2.1890945472736365,7
1095,1.784373843315855,2.191095547773887,7
1096,1.7395454758807403,2.193096548274137,7
1097,1.6883550797759441,2.195097548774387,7
1098,1.6312316955773363,2.1970985492746373,7
1099,1.5686491603006418,2.1990995497748873,7
1100,1.501122434652221,2.2011005502751373,7
1101,1.4292036121404361,2.2031015507753877,7
1102,1.3534776409399711,2.2051025512756377,7
1103,1.2745577916244573,2.2071035517758877,7
1104,1.1930809058505933,2.209104552276138,7
1105,1.109702462771908,2.211105552776388,7
1106,1.0250915013711195,2.213106553276638,7
1107,0.9399254380159222,2.2151075537768885,7
1108,0.8548848193532016,2.2171085542771385,7
1109,0.7706480511575357,2.2191095547773885,7
1110,0.687886143936337,2.2211105552776385,7
1111,0.6072575159633866,2.223111555777889,7
1112,0.5294028939687276,2.225112556278139,7
1113,0.45494035095655294,2.227113556778389,7
1114,0.3844605195613492,2.2291145572786393,7
1115,0.3185220179938534,2.2311155577788893,7
1116,0.2576471239824808,2.2331165582791392,7
1117,0.20231773019685007,2.2351175587793897,7
1118,0.15297161246048185,2.2371185592796397,7
1119,0.10999903963895041,2.2391195597798896,7
1120,0.073739751445149,2.24112056028014,7
1121,0.04448032755497078,2.24312156078039,7
1122,0.022451968398079725,2.24512256128064,7
1123,0.007828704801775332,2.2471235617808905,7
1124,0.0007260503463342172,2.2491245622811404,7
1125,0.0012001068633075151,2.2511255627813904,7
1126,0.009247130000842874,2.253126563281641,7
1127,0.024803558218728705,2.255127563781891,7
1128,0.047746504988766314,2.257128564282141,7
1129,0.07789471039053442,2.2591295647823912,7
1130,0.11500994473661663,2.2611305652826412,7
1131,0.15879885336252886,2.263131565782891,7
1132,0.2089152283014002,2.265132566283141,7
1133,0.26496268925957656,2.2671335667833916,7
1134,0.3264977531405352,2.2691345672836416,7
1135,0.3930332683575306,2.2711355677838916,7
1136,0.4640421873511561,2.273136568284142,7
1137,0.5389616481102613,2.275137568784392,7
1138,0.6171973331031835,2.277138569284642,7
1139,0.6981280718782208,2.2791395697848924,7
1140,0.7811106517066266,2.2811405702851424,7
1141,0.8654847990310838,2.2831415707853924,7
1142,0.9505782931598163,2.285142571285643,7
1143,1.0357121726236391,2.287143571785893,7
1144,1.1202059938955884,2.2891445722861428,7
1145,1.2033831017670424,2.291145572786393,7
1146,1.2845758705847716,2.293146573286643,7
1147,1.3631308757783673,2.295147573786893,7
1148,1.438413955647087,2.2971485742871436,7
1149,1.5098151242245712,2.2991495747873936,7
1150,1.5767532971930347,2.3011505752876436,7
1151,1.63868079426488,2.303151575787894,7
1152,1.6950875831803156,2.305152576288144,7
1153,1.7455052324697773,2.307153576788394,7
1154,1.789510542383682,2.3091545772886444,7
1155,1.8267288258834935,2.3111555777888944,7
1156,1.8568368142969234,2.3131565782891443,7
1157,1.879565165144879,2.3151575787893943,7
1158,1.8947005527275969,2.3171585792896447,7
1159,1.9020873252867112,2.3191595797898947,7
1160,1.9016287159151597,2.3211605802901447,7
1161,1.8932875978407886,2.323161580790395,7
1162,1.877086778236448,2.325162581290645,7
1163,1.8531088282812882,2.327163581790895,7
1164,1.8214954507876442,2.3291645822911455,7
1165,1.7824463902873542,2.3311655827913955,7
1166,1.736217894012798,2.3331665832916455,7
1167,1.683120735684514,2.335167583791896,7
1168,1.623517817401026,2.337168584292146,7
1169,1.5578213681922277,2.339169584792396,7
1170,1.4864897609200292,2.3411705852926463,7
1171,1.4100239721636547,2.3431715857928963,7
1172,1.328963712490573,2.3451725862931463,7
1173,1.2438832570658223,2.3471735867933967,7
1174,1.1553870088713467,2.3491745872936467,7
1175,1.0641048288770223,2.3511755877938967,7
1176,0.9706871693090091,2.353176588294147,7
1177,0.8758000476851624,2.355177588794397,7
1178,0.7801199005192456,2.357178589294647,7
1179,0.6843283565279195,2.359179589794897,7
1180,0.5891069697970068,2.3611805902951475,7
1181,0.4951319536734914,2.3631815907953975,7
1182,0.40306895614410365,2.3651825912956475,7
1183,0.31356791714038906,2.367183591795898,7
1184,0.22725804757587076,2.369184592296148,7
1185,0.14474296897822103,2.371185592796398,7
1186,0.0665960513369731,2.3731865932966483,7
1187,-0.00664401474739762,2.3751875937968983,7
1188,-0.07447737734115045,2.3771885942971482,7
1189,-0.1364468816879949,2.3791895947973987,7
1190,-0.19214159808787779,2.3811905952976486,7
1191,-0.24119999183801455,2.3831915957978986,7
1192,-0.2833127107006268,2.385192596298149,7
1193,-0.31822496832296254,2.387193596798399,7
1194,-0.3457385051623728,2.389194597298649,7
1195,-0.36571311173954424,2.3911955977988995,7
1196,-0.3780677024310656,2.3931965982991494,7
1197,-0.38278093149139614,2.3951975987993994,7
1198,-0.37989134653768886,2.39719859929965,7
1199,-0.36949707831134226,2.3991995997999,7
1200,-0.35175506911953913,2.40120060030015,7
1201,-0.3268798459308839,2.4032016008004002,7
1202,-0.2951418476240274,2.4052026013006502,7
1203,-0.25686531933902956,2.4072036018009,7
1204,-0.2124257902322877,2.40920460230115,7
1205,-0.1622471541605156,2.4112056028014006,7
1206,-0.10679837589267127,2.4132066033016506,7
1207,-0.046589848347465934,2.4152076038019006,7
1208,0.017830570944663393,2.417208604302151,7
1209,0.08588181347312351,2.419209604802401,7
1210,0.15695411054524872,2.421210605302651,7
1211,0.23041372633268176,2.4232116058029014,7
1212,0.3056078765276997,2.4252126063031514,7
1213,0.3818697945348051,2.4272136068034014,7
1214,0.4585239059802433,2.429214607303652,7
1215,0.5348910714839163,2.431215607803902,7
1216,0.6102938571101784,2.4332166083041518,7
1217,0.6840617916989524,2.435217608804402,7
1218,0.7555365703807357,2.437218609304652,7
1219,0.8240771639955915,2.439219609804902,7
1220,0.8890647948640207,2.4412206103051526,7
1221,0.9499077403928431,2.4432216108054026,7
1222,1.0060459273314677,2.4452226113056525,7
1223,1.0569552811141132,2.447223611805903,7
1224,1.1021517966199696,2.449224612306153,7
1225,1.1411952988391298,2.451225612806403,7
1226,1.1736928643325353,2.4532266133066534,7
1227,1.1993018769997588,2.4552276138069034,7
1228,1.2177326944993547,2.4572286143071533,7
1229,1.2287509046798246,2.4592296148074033,7
1230,1.2321791545530192,2.4612306153076537,7
1231,1.2278985376505782,2.4632316158079037,7
1232,1.2158495290221667,2.4652326163081537,7
1233,1.1960324606358488,2.467233616808404,7
1234,1.168507533498468,2.469234617308654,7
1235,1.1333943663998558,2.471235617808904,7
1236,1.0908710847715037,2.4732366183091545,7
1237,1.0411729567101455,2.4752376188094045,7
1238,0.984590586721609,2.4772386193096545,7
1239,0.9214676811641039,2.479239619809905,7
1240,0.8521984026852568,2.481240620310155,7
1241,0.7772243341282874,2.483241620810405,7
1242,0.6970310754062121,2.4852426213106553,7
1243,0.6121444996835484,2.4872436218109053,7
1244,0.5231266978420156,2.4892446223111553,7
1245,0.43057164262022946,2.4912456228114057,7
1246,0.3351006059864728,2.4932466233116557,7
1247,0.23735736521399398,2.4952476238119057,7
1248,0.13800323476433185,2.497248624312156,7
1249,0.03771196243167724,2.499249624812406,7
1250,-0.06283547074759052,2.501250625312656,7
1251,-0.16295610657102255,2.503251625812906,7
1252,-0.2619702810495732,2.5052526263131565,7
1253,-0.3592068702896766,2.5072536268134065,7
1254,-0.45400847027462454,2.5092546273136564,7
1255,-0.5457364704529989,2.511255627813907,7
1256,-0.6337759818647609,2.513256628314157,7
1257,-0.7175405816611473,2.515257628814407,7
1258,-0.796476837295325,2.5172586293146573,7
1259,-0.8700685753670073,2.5192596298149073,7
1260,-0.9378408620802647,2.5212606303151572,7
1261,-0.999363664505972,2.5232616308154077,7
1262,-1.0542551643112206,2.5252626313156576,7
1263,-1.1021846983082977,2.5272636318159076,7
1264,-1.142875303063984,2.529264632316158,7
1265,-1.1761058438749785,2.531265632816408,7
1266,-1.201712711632596,2.533266633316658,7
1267,-1.2195910744442768,2.5352676338169085,7
1268,-1.229695674326152,2.5372686343171584,7
1269,-1.23204116280219,2.5392696348174084,7
1270,-1.2267019728144863,2.541270635317659,7
1271,-1.2138117279385752,2.543271635817909,7
1272,-1.1935621934789509,2.545272636318159,7
1273,-1.166201777566287,2.5472736368184092,7
1274,-1.1320335938608463,2.549274637318659,7
1275,-1.0914131008600212,2.551275637818909,7
1276,-1.0447453360854109,2.553276638319159,7
1277,-0.9924817665603313,2.5552776388194096,7
1278,-0.935116779959131,2.5572786393196596,7
1279,-0.8731838435906571,2.5592796398199096,7
1280,-0.8072513609498702,2.56128064032016,7
1281,-0.7379182579120134,2.56328164082041,7
1282,-0.6658093327366779,2.56528264132066,7
1283,-0.591570405877639,2.5672836418209104,7
1284,-0.5158633071433166,2.5692846423211604,7
1285,-0.43936073901211153,2.5712856428214104,7
1286,-0.3627410558654129,2.573286643321661,7
1287,-0.28668299955200405,2.5752876438219108,7
1288,-0.2118604320350908,2.5772886443221608,7
1289,-0.13893710589644898,2.579289644822411,7
1290,-0.06856151317883086,2.581290645322661,7
1291,-0.0013618524410039523,2.583291645822911,7
1292,0.062058847014480056,2.5852926463231616,7
1293,0.12112740599797145,2.5872936468234116,7
1294,0.17530494513942818,2.5892946473236615,7
1295,0.22409106900013787,2.591295647823912,7
1296,0.2670277522001463,2.593296648324162,7
1297,0.3037028974789022,2.595297648824412,7
1298,0.33375353814561803,2.597298649324662,7
1299,0.3568686601290524,2.5992996498249124,7
1300,0.37279162178033687,2.6013006503251623,7
1301,0.381322152696593,2.6033016508254123,7
1302,0.3823179160913115,2.6053026513256627,7
1303,0.37569562261610867,2.6073036518259127,7
1304,0.3614316870103558,2.6093046523261627,7
1305,0.33956242249400004,2.611305652826413,7
1306,0.3101837713970411,2.613306653326663,7
1307,0.27345057410877194,2.615307653826913,7
1308,0.22957538200380745,2.6173086543271635,7
1309,0.1788268235315672,2.6193096548274135,7
1310,0.1215275361146827,2.6213106553276635,7
1311,0.05805167986281001,2.623311655827914,7
1312,-0.011177947654697151,2.625312656328164,7
1313,-0.08569317324611303,2.627313656828414,7
1314,-0.16498406129781895,2.6293146573286643,7
1315,-0.24850285037156128,2.6313156578289143,7
1316,-0.33566818272920346,2.6333166583291643,7
1317,-0.42586959404758773,2.6353176588294147,7
1318,-0.5184722285724113,2.6373186593296647,7
1319,-0.6128217432153958,2.6393196598299147,7
1320,-0.7082493626356233,2.641320660330165,7
1321,-0.8040770461778725,2.643321660830415,7
1322,-0.8996227266749086,2.645322661330665,7
1323,-0.994205580563752,2.647323661830915,7
1324,-1.087151288524547,2.6493246623311655,7
1325,-1.1777972459228916,2.6513256628314155,7
1326,-1.2654976827261235,2.6533266633316654,7
1327,-1.349628653263736,2.655327663831916,7
1328,-1.4295928572101695,2.657328664332166,7
1329,-1.5048242544746415,2.659329664832416,7
1330,-1.5747924382773446,2.6613306653326663,7
1331,-1.6390067325637991,2.6633316658329163,7
1332,-1.6970199820425331,2.6653326663331662,7
1333,-1.7484320055102514,2.6673336668334167,7
1334,-1.7928926857355312,2.6693346673336666,7
1335,-1.8301046719848735,2.6713356678339166,7
1336,-1.8598256742732295,2.673336668334167,7
1337,-1.88187033158167,2.675337668834417,7
1338,-1.8961116395823174,2.677338669334667,7
1339,-1.9024819268202693,2.6793396698349174,7
1340,-1.9009733717975092,2.6813406703351674,7
1341,-1.891638056957391,2.6833416708354174,7
1342,-1.8745875591527907,2.685342671335668,7
1343,-1.8499920797690184,2.687343671835918,7
1344,-1.8180791212356737,2.689344672336168,7
1345,-1.779131720172948,2.6913456728364182,7
1346,-1.7334862508496651,2.693346673336668,7
1347,-1.6815298159562029,2.695347673836918,7
1348,-1.6236972448901683,2.697348674337168,7
1349,-1.560467722790182,2.6993496748374186,7
1350,-1.492361076411954,2.7013506753376686,7
1351,-1.41993374559628,2.7033516758379186,7
1352,-1.343774471512982,2.705352676338169,7
1353,-1.2644997350565248,2.707353676838419,7
1354,-1.1827489807032663,2.709354677338669,7
1355,-1.099179662800775,2.7113556778389194,7
1356,-1.0144621526342448,2.7133566783391694,7
1357,-0.9292745456922629,2.7153576788394194,7
1358,-0.8442974093274186,2.71735867933967,7
1359,-0.7602085114677433,2.7193596798399198,7
1360,-0.677677571182002,2.7213606803401698,7
1361,-0.5973610717330354,2.72336168084042,7
1362,-0.5198971762688713,2.72536268134067,7
1363,-0.44590078550732937,2.72736368184092,7
1364,-0.3759587756706727,2.7293646823411706,7
1365,-0.3106254535315992,2.7313656828414206,7
1366,-0.25041826375088483,2.7333666833416705,7
1367,-0.19581378173475184,2.735367683841921,7
1368,-0.14724402302955608,2.737368684342171,7
1369,-0.10509309782099796,2.739369684842421,7
1370,-0.06969423643431016,2.741370685342671,7
1371,-0.04132720885955565,2.7433716858429213,7
1372,-0.020216158276587848,2.7453726863431713,7
1373,-0.006527865349261974,2.7473736868434213,7
1374,-0.0003704567244361412,2.7493746873436717,7
1375,-0.0017925677326584566,2.7513756878439217,7
1376,-0.010782965771698128,2.7533766883441717,7
1377,-0.02727063728821577,2.755377688844422,7
1378,-0.05112533768420868,2.757378689344672,7
1379,-0.08215859989171914,2.759379689844922,7
1380,-0.12012519380878439,2.7613806903451725,7
1381,-0.16472502529974375,2.7633816908454225,7
1382,-0.21560546006066394,2.7653826913456725,7
1383,-0.2723640543615846,2.767383691845923,7
1384,-0.3345516715282204,2.769384692346173,7
1385,-0.40167596003978545,2.771385692846423,7
1386,-0.47320516632015075,2.7733866933466733,7
1387,-0.5485722527093537,2.7753876938469233,7
1388,-0.627179288739887,2.7773886943471733,7
1389,-0.7084020817266273,2.7793896948474237,7
1390,-0.7915950108267703,2.7813906953476737,7
1391,-0.8760960271516397,2.7833916958479237,7
1392,-0.9612317812261604,2.785392696348174,7
1393,-1.0463228381063459,2.787393696848424,7
1394,-1.1306889397869975,2.789394697348674,7
1395,-1.21365427416498,2.791395697848924,7
1396,-1.2945527097731242,2.7933966983491745,7
1397,-1.372732955764765,2.7953976988494245,7
1398,-1.4475636072073574,2.7973986993496744,7
1399,-1.518438036631283,2.799399699849925,7
1400,-1.5847790939700106,2.801400700350175,7
1401,-1.6460435785112961,2.803401700850425,7
1402,-1.7017264482431722,2.8054027013506753,7
1403,-1.751364734011518,2.8074037018509252,7
1404,-1.7945411281910975,2.8094047023511752,7
1405,-1.8308872200907942,2.8114057028514257,7
1406,-1.8600863530486587,2.8134067033516756,7
1407,-1.8818760811006032,2.8154077038519256,7
1408,-1.8960502062057536,2.817408704352176,7
1409,-1.9024603802585982,2.819409704852426,7
1410,-1.9010172594865011,2.821410705352676,7
1411,-1.891691202295951,2.8234117058529264,7
1412,-1.8745125051649296,2.8254127063531764,7
1413,-1.8495711747544075,2.8274137068534264,7
1414,-1.8170162380019201,2.829414707353677,7
1415,-1.7770545955363883,2.831415707853927,7
1416,-1.7299494272881804,2.833416708354177,7
1417,-1.6760181626347572,2.835417708854427,7
1418,-1.6156300307928744,2.837418709354677,7
1419,-1.5492032104173585,2.839419709854927,7
1420,-1.47720160046871,2.841420710355177,7
1421,-1.400131237343743,2.8434217108554276,7
1422,-1.31853638600101,2.8454227113556776,7
1423,-1.2329953353364458,2.8474237118559276,7
1424,-1.144115930353987,2.849424712356178,7
1425,-1.052530875713237,2.851425712856428,7
1426,-0.9588928470053889,2.853426713356678,7
1427,-0.8638694475976473,2.8554277138569284,7
1428,-0.7681380500813748,2.8574287143571784,7
1429,-0.6723805622519605,2.8594297148574284,7
1430,-0.5772781581334898,2.861430715357679,7
1431,-0.4835060148310061,2.8634317158579288,7
1432,-0.3917280959484206,2.8654327163581788,7
1433,-0.3025920219495926,2.867433716858429,7
1434,-0.21672406716715165,2.869434717358679,7
1435,-0.13472432218293462,2.871435717858929,7
1436,-0.05716205902459126,2.8734367183591796,7
1437,0.015428664947879533,2.8754377188594296,7
1438,0.08255313043909485,2.8774387193596795,7
1439,0.1437597749828725,2.87943971985993,7
1440,0.1986436775172411,2.88144072036018,7
1441,0.24684968179908806,2.88344172086043,7
1442,0.28807513448321875,2.88544272136068,7
1443,0.32207221667349606,2.8874437218609303,7
1444,0.3486498509004321,2.8894447223611803,7
1445,0.36767516876605055,2.8914457228614303,7
1446,0.37907452789736296,2.8934467233616807,7
1447,0.38283407033867045,2.8954477238619307,7
1448,0.37899981806224636,2.8974487243621807,7
1449,0.367677304859903,2.899449724862431,7
1450,0.3490307474667582,2.901450725362681,7
1451,0.32328176233495276,2.903451725862931,7
1452,0.2907076379920721,2.9054527263631815,7
1453,0.25163917635913535,2.9074537268634315,7
1454,0.2064581197392482,2.9094547273636815,7
1455,0.15559418339540465,2.911455727863932,7
1456,0.09952171668896592,2.913456728364182,7
1457,0.038756018624854116,2.915457728864432,7
1458,-0.026150663674393393,2.9174587293646823,7
1459,-0.09461342259010297,2.9194597298649323,7
1460,-0.16601923053404577,2.9214607303651823,7
1461,-0.2397316982320525,2.9234617308654327,7
1462,-0.31509601393067627,2.9254627313656827,7
1463,-0.3914440252934313,2.9274637318659327,7
1464,-0.46809942464741466,2.929464732366183,7
1465,-0.5443829974419764,2.931465732866433,7
1466,-0.619617893291596,2.933466733366683,7
1467,-0.6931348788001754,2.935467733866933,7
1468,-0.7642775315048587,2.9374687343671835,7
1469,-0.8324073347335648,2.9394697348674335,7
1470,-0.8969086339372828,2.9414707353676834,7
1471,-0.9571934161303295,2.943471735867934,7
1472,-1.0127058754407532,2.945472736368184,7
1473,-1.0629267294295195,2.947473736868434,7
1474,-1.1073772527650763,2.9494747373686843,7
1475,-1.1456229970288851,2.9514757378689342,7
1476,-1.1772771678561493,2.9534767383691842,7
1477,-1.202003633268709,2.9554777388694347,7
1478,-1.2195195399118461,2.9574787393696846,7
1479,-1.2295975169417583,2.9594797398699346,7
1480,-1.232067450501996,2.961480740370185,7
1481,-1.2268178150514433,2.963481740870435,7
1482,-1.21379655123619,2.965482741370685,7
1483,-1.1930114835078958,2.9674837418709354,7
1484,-1.1645302742537424,2.9694847423711854,7
1485,-1.1284799147907107,2.9714857428714354,7
1486,-1.0850457571617322,2.973486743371686,7
1487,-1.034470094225979,2.975487743871936,7
1488,-0.9770502990315103,2.977488744372186,7
1489,-0.9131365378703961,2.979489744872436,7
1490,-0.8431290747159738,2.981490745372686,7
1491,-0.7674751879049184,2.983491745872936,7
1492,-0.6866657229282147,2.985492746373186,7
1493,-0.6012313080119893,2.9874937468734366,7
1494,-0.5117382617790739,2.9894947473736866,7
1495,-0.41878422466569265,2.9914957478739366,7
1496,-0.3229935479059834,2.993496748374187,7
1497,-0.2250124757739612,2.995497748874437,7
1498,-0.12550415837175913,2.997498749374687,7
1499,-0.025143533566222852,2.9994997498749374,7
1500,0.07538788231278157,3.0015007503751874,7
1501,0.17540725469178475,3.0035017508754374,7
1502,0.27423570117627266,3.005502751375688,7
1503,0.37120353138310525,3.0075037518759378,7
1504,0.4656554156265057,3.0095047523761878,7
1505,0.5569554424509846,3.011505752876438,7
1506,0.6444920258663626,3.013506753376688,7
1507,0.7276826243024546,3.015507753876938,7
1508,0.8059782347585293,3.0175087543771886,7
1509,0.8788676273630325,3.0195097548774386,7
1510,0.9458812875683807,3.0215107553776885,7
1511,1.006595035468411,3.023511755877939,7
1512,1.0606332942253498,3.025512756378189,7
1513,1.1076719823097776,3.027513756878439,7
1514,1.1474410071680528,3.029514757378689,7
1515,1.1797263410175483,3.0315157578789393,7
1516,1.2043716627042789,3.0335167583791893,7
1517,1.2212795529164264,3.0355177588794393,7
1518,1.2304122335044707,3.0375187593796897,7
1519,1.231791845187626,3.0395197598799397,7
1520,1.225500261499319,3.0415207603801897,7
1521,1.2116784404140803,3.04352176088044,7
1522,1.1905253186770584,3.04552276138069,7
1523,1.162296257396764,3.04752376188094,7
1524,1.1273010509353727,3.0495247623811905,7
1525,1.085901514511066,3.0515257628814405,7
1526,1.0385086691878525,3.0535267633816905,7
1527,0.985579546044711,3.055527763881941,7
1528,0.9276136342639871,3.057528764382191,7
1529,0.8651490006344378,3.059529764882441,7
1530,0.798758110508778,3.0615307653826913,7
1531,0.7290433825654035,3.0635317658829413,7
1532,0.656632511785193,3.0655327663831913,7
1533,0.582173596848214,3.0675337668834417,7
1534,0.5063301096689291,3.0695347673836917,7
1535,0.4297757460103838,3.0715357678839417,7
1536,0.3531891970385034,3.0735367683841917,7
1537,0.277248882289695,3.075537768884442,7
1538,0.2026276848233276,3.077538769384692,7
1539,0.12998772931360358,3.079539769884942,7
1540,0.059975243503818554,3.0815407703851925,7
1541,-0.006784457200531224,3.0835417708854425,7
1542,-0.0696918231755137,3.0855427713856924,7
1543,-0.12817772448914921,3.087543771885943,7
1544,-0.1817078692527797,3.089544772386193,7
1545,-0.22978695221110212,3.091545772886443,7
1546,-0.2719625014565591,3.0935467733866933,7
1547,-0.30782839349031066,3.0955477738869432,7
1548,-0.33702800941980104,3.0975487743871932,7
1549,-0.3592570078599501,3.0995497748874437,7
1550,-0.3742656930725152,3.1015507753876936,7
1551,-0.38186096001102543,3.1035517758879436,7
1552,-0.3819078012136733,3.105552776388194,7
1553,-0.37433036387807694,3.107553776888444,7
1554,-0.3591125489337782,3.109554777388694,7
1555,-0.3362981474734146,3.1115557778889444,7
1556,-0.30599051348468764,3.1135567783891944,7
1557,-0.26835177541441535,3.1155577788894444,7
1558,-0.2236015926658491,3.117558779389695,7
1559,-0.17201546665277423,3.119559779889945,7
1560,-0.11392261948182136,3.121560780390195,7
1561,-0.04970345668137577,3.123561780890445,7
1562,0.02021336638483706,3.125562781390695,7
1563,0.09535425171373213,3.127563781890945,7
1564,0.17520431387101698,3.129564782391195,7
1565,0.2592113549194628,3.1315657828914456,7
1566,0.34679012830149836,3.1335667833916956,7
1567,0.4373268586728913,3.1355677838919456,7
1568,0.5301839827032361,3.137568784392196,7
1569,0.624705074148657,3.139569784892446,7
1570,0.720219915075862,3.141570785392696,7
1571,0.8160496739851196,3.1435717858929464,7
1572,0.9115121507520644,3.1455727863931964,7
1573,1.005927047791932,3.1475737868934464,7
1574,1.0986212266455253,3.149574787393697,7
1575,1.1889339093000235,3.1515757878939468,7
1576,1.2762217839852181,3.1535767883941968,7
1577,1.3598639759250322,3.155577788894447,7
1578,1.4392668445692467,3.157578789394697,7
1579,1.5138685701744155,3.159579789894947,7
1580,1.5831434942320364,3.1615807903951976,7
1581,1.6466061801487744,3.1635817908954476,7
1582,1.703815162748001,3.1655827913956975,7
1583,1.7543763575707745,3.167583791895948,7
1584,1.797946103587871,3.169584792396198,7
1585,1.8342338157720528,3.171585792896448,7
1586,1.8630042269991396,3.173586793396698,7
1587,1.884079201925972,3.1755877938969483,7
1588,1.8973391088057223,3.1775887943971983,7
1589,1.9027237386233757,3.1795897948974483,7
1590,1.9002327644376877,3.1815907953976987,7
1591,1.889925737375262,3.1835917958979487,7
1592,1.8719216193087163,3.1855927963981987,7
1593,1.8463978558372869,3.187593796898449,7
1594,1.8135889967464804,3.189594797398699,7
1595,1.7737848746260276,3.191595797898949,7
1596,1.7273283557454646,3.1935967983991995,7
1597,1.6746126805978347,3.1955977988994495,7
1598,1.616078414697582,3.1975987993996995,7
1599,1.552210033236209,3.19959979989995,7
1600,1.4835321660329175,3.2016008004002,7
1601,1.4106055318469346,3.20360180090045,7
1602,1.3340225935228327,3.2056028014007003,7
1603,1.2544029676012847,3.2076038019009503,7
1604,1.1723886239273122,3.2096048024012003,7
1605,1.0886389124149494,3.2116058029014507,7
1606,1.0038254554637278,3.2136068034017007,7
1607,0.9186269455632127,3.2156078039019507,7
1608,0.8337238883555014,3.2176088044022007,7
1609,0.749793331847377,3.219609804902451,7
1610,0.667503622571523,3.221610805402701,7
1611,0.5875092292870419,3.223611805902951,7
1612,0.5104456742870797,3.2256128064032015,7
1613,0.436924611548569,3.2276138069034515,7
1614,0.3675290898215149,3.2296148074037014,7
1615,0.3028090373250837,3.231615807903952,7
1616,0.24327700300100008,3.233616808404202,7
1617,0.18940418728976383,3.235617808904452,7
1618,0.14161679315384623,3.2376188094047023,7
1619,0.10029272559298341,3.2396198099049522,7
1620,0.06575866519920603,3.2416208104052022,7
1621,0.03828753840407695,3.2436218109054527,7
1622,0.01809640399998269,3.2456228114057026,7
1623,0.0053447722947909115,3.2476238119059526,7
1624,0.0001333699108424513,3.249624812406203,7
1625,0.00250335978930194,3.251625812906453,7
1626,0.012436022437516958,3.253626813406703,7
1627,0.0298529008867624,3.2556278139069534,7
1628,0.054616408238229885,3.2576288144072034,7
1629,0.08653089309462403,3.2596298149074534,7
1630,0.1253441546301387,3.261630815407704,7
1631,0.1707493955714543,3.263631815907954,7
1632,0.22238759797250018,3.265632816408204,7
1633,0.27985030339300976,3.267633816908454,7
1634,0.3426827759608082,3.269634817408704,7
1635,0.41038752383372124,3.271635817908954,7
1636,0.4824281518031056,3.273636818409204,7
1637,0.5582335152175493,3.2756378189094546,7
1638,0.637202143072623,3.2776388194097046,7
1639,0.7187068960299674,3.2796398199099546,7
1640,0.8020998233091354,3.281640820410205,7
1641,0.8867171808575862,3.283641820910455,7
1642,0.9718845719548967,3.285642821410705,7
1643,1.0569221704597296,3.2876438219109554,7
1644,1.14114998626852,3.2896448224112054,7
1645,1.2238931322283264,3.2916458229114554,7
1646,1.3044870517339917,3.293646823411706,7
1647,1.3822826665454402,3.2956478239119558,7
1648,1.4566514049774226,3.2976488244122057,7
1649,1.5269900715402194,3.299649824912456,7
1650,1.5927255203372488,3.301650825412706,7
1651,1.653319096044465,3.303651825912956,7
1652,1.7082708080952687,3.3056528264132066,7
1653,1.7571232057596249,3.3076538269134566,7
1654,1.7994649241220273,3.3096548274137065,7
1655,1.8349338735092102,3.311655827913957,7
1656,1.8632200476794507,3.313656828414207,7
1657,1.8840679290355131,3.315657828914457,7
1658,1.8972784722427838,3.317658829414707,7
1659,1.9027106508975398,3.3196598299149573,7
1660,1.9002825552723377,3.3216608304152073,7
1661,1.8899720326404719,3.3236618309154573,7
1662,1.8718168652220304,3.3256628314157077,7
1663,1.845914484373182,3.3276638319159577,7
1664,1.8124212232298738,3.3296648324162077,7
1665,1.7715511135899298,3.331665832916458,7
1666,1.723574236345074,3.333666833416708,7
1667,1.6688146382302502,3.335667833916958,7
1668,1.6076478310146345,3.3376688344172085,7
1669,1.540497892490678,3.3396698349174585,7
1670,1.4678341916995672,3.3416708354177085,7
1671,1.3901677637407828,3.343671835917959,7
1672,1.3080473622248923,3.345672836418209,7
1673,1.2220552199244936,3.347673836918459,7
1674,1.1328025504368862,3.3496748374187093,7
1675,1.0409248256764814,3.3516758379189593,7
1676,0.9470768657501006,3.3536768384192093,7
1677,0.8519277792207682,3.3556778389194597,7
1678,0.7561557929238701,3.3576788394197097,7
1679,0.6604430113534016,3.3596798399199597,7
1680,0.5654701461828161,3.3616808404202096,7
1681,0.47191125671428125,3.36368184092046,7
1682,0.3804285419673986,3.36568284142071,7
1683,0.29166722471687645,3.36768384192096,7
1684,0.2062505670785323,3.3696848424212105,7
1685,0.12477505622364671,3.3716858429214605,7
1686,0.04780579748503755,3.3736868434217104,7
1687,-0.02412784948688118,3.375687843921961,7
1688,-0.09053635774110647,3.377688844422211,7
1689,-0.15097381158269996,3.379689844922461,7
1690,-0.20504134742214475,3.3816908454227113,7
1691,-0.2523902302856763,3.3836918459229612,7
1692,-0.2927245421743121,3.385692846423211,7
1693,-0.32580346146398675,3.3876938469234616,7
1694,-0.3514431157049239,3.3896948474237116,7
1695,-0.369517993480467,3.3916958479239616,7
1696,-0.37996190439846256,3.393696848424212,7
1697,-0.38276847978636996,3.395697848924462,7
1698,-0.3779912102162213,3.397698849424712,7
1699,-0.3657430195708209,3.3996998499249624,7
1700,-0.3461953789500626,3.4017008504252124,7
1701,-0.31957696727805474,3.4037018509254624,7
1702,-0.28617188898048984,3.405702851425713,7
1703,-0.24631746253049025,3.407703851925963,7
1704,-0.20040159698238624,3.409704852426213,7
1705,-0.1488597768026274,3.411705852926463,7
1706,-0.09217167833870632,3.413706853426713,7
1707,-0.03085744411824287,3.415707853926963,7
1708,0.03452635618080241,3.417708854427213,7
1709,0.10339104682252703,3.4197098549274636,7
1710,0.17512041571861697,3.4217108554277136,7
1711,0.24907549737316007,3.4237118559279636,7
1712,0.3245995320421999,3.425712856428214,7
1713,0.4010230627191401,3.427713856928464,7
1714,0.4776691304912663,3.429714857428714,7
1715,0.5538585280497494,3.4317158579289644,7
1716,0.6289150706867966,3.4337168584292144,7
1717,0.7021708439772267,3.4357178589294644,7
1718,0.7729713875225244,3.437718859429715,7
1719,0.8406807746304171,3.4397198599299648,7
1720,0.904686548608705,3.4417208604302147,7
1721,0.9644044774611185,3.443721860930465,7
1722,1.0192830901798042,3.445722861430715,7
1723,1.0688079595186395,3.447723861930965,7
1724,1.1125056980942893,3.4497248624312156,7
1725,1.149947636880944,3.4517258629314655,7
1726,1.1807531576231365,3.4537268634317155,7
1727,1.2045926533696387,3.4557278639319655,7
1728,1.2211900942101341,3.457728864432216,7
1729,1.2303251783522977,3.459729864932466,7
1730,1.2318350518866454,3.461730865432716,7
1731,1.2256155839247507,3.4637318659329663,7
1732,1.2116221872385642,3.4657328664332163,7
1733,1.1898701780461747,3.4677338669334663,7
1734,1.1604346721568484,3.4697348674337167,7
1735,1.1234500182768867,3.4717358679339667,7
1736,1.0791087728605058,3.4737368684342167,7
1737,1.0276602244384936,3.475737868934467,7
1738,0.9694084788449746,3.477738869434717,7
1739,0.9047101201609038,3.479739869934967,7
1740,0.8339714654779088,3.4817408704352175,7
1741,0.7576454347291617,3.4837418709354675,7
1742,0.6762280598145487,3.4857428714357175,7
1743,0.590254660038405,3.487743871935968,7
1744,0.500295713462158,3.489744872436218,7
1745,0.4069524561266216,3.491745872936468,7
1746,0.31085224320664934,3.4937468734367183,7
1747,0.21264370800218654,3.4957478739369683,7
1748,0.11299175623547178,3.4977488744372183,7
1749,0.012572434398889222,3.4997498749374687,7
1750,-0.08793228812741394,3.5017508754377187,7
1751,-0.18783978280158106,3.5037518759379687,7
1752,-0.2864720307480182,3.5057528764382186,7
1753,-0.38316085590616356,3.507753876938469,7
1754,-0.4772530819952209,3.509754877438719,7
1755,-0.5681155733800158,3.511755877938969,7
1756,-0.6551401208207511,3.5137568784392195,7
1757,-0.7377481342914893,3.5157578789394694,7
1758,-0.8153951065446312,3.5177588794397194,7
1759,-0.8875748128733524,3.51975987993997,7
1760,-0.9538232145661958,3.52176088044022,7
1761,-1.01372203584153,3.52376188094047,7
1762,-1.0669019865767688,3.5257628814407203,7
1763,-1.1130456058890306,3.5277638819409702,7
1764,-1.151889704559187,3.52976488244122,7
1765,-1.1832273873956218,3.5317658829414706,7
1766,-1.2069096398861352,3.5337668834417206,7
1767,-1.222846466858851,3.5357678839419706,7
1768,-1.231007574340516,3.537768884442221,7
1769,-1.2314225893366566,3.539769884942471,7
1770,-1.224180815834727,3.541770885442721,7
1771,-1.209430528921202,3.5437718859429714,7
1772,-1.1873778124788057,3.5457728864432214,7
1773,-1.1582849494630243,3.5477738869434714,7
1774,-1.122468377220296,3.549774887443722,7
1775,-1.0802962236770761,3.551775887943972,7
1776,-1.0321854434731668,3.553776888444222,7
1777,-0.9785985762093561,3.5557778889444718,7
1778,-0.9200401519046169,3.557778889444722,7
1779,-0.8570527714886611,3.559779889944972,7
1780,-0.7902128926708665,3.561780890445222,7
1781,-0.7201263538078593,3.5637818909454726,7
1782,-0.6474236704190129,3.5657828914457226,7
1783,-0.5727551407597407,3.5677838919459726,7
1784,-0.49678579834020486,3.569784892446223,7
1785,-0.4201902504616655,3.571785892946473,7
1786,-0.34364744272493797,3.573786893446723,7
1787,-0.26783539003855217,3.5757878939469734,7
1788,-0.19342591491381683,3.5777888944472234,7
1789,-0.1210794337765852,3.5797898949474733,7
1790,-0.05143983165510141,3.5817908954477238,7
1791,0.014870535081699221,3.5837918959479738,7
1792,0.07725566925200122,3.5857928964482237,7
1793,0.13515055926213093,3.587793896948474,7
1794,0.18802556556773453,3.589794897448724,7
1795,0.23539053324012238,3.591795897948974,7
1796,0.27679859880175994,3.5937968984492246,7
1797,0.3118496618625256,3.5957978989494745,7
1798,0.34019349468218807,3.5977988994497245,7
1799,0.3615324655875385,3.5997998999499745,7
1800,0.3756238551615949,3.601800900450225,7
1801,0.3822817472744825,3.603801900950475,7
1802,0.38137848031637767,3.605802901450725,7
1803,0.37284564739736015,3.6078039019509753,7
1804,0.356674637770245,3.6098049024512253,7
1805,0.33291671528354483,3.6118059029514753,7
1806,0.3016826332555108,3.6138069034517257,7
1807,0.2631417887484182,3.6158079039519757,7
1808,0.21752092278762725,3.6178089044522257,7
1809,0.16510237658460647,3.619809904952476,7
1810,0.10622191725991159,3.621810905452726,7
1811,0.041266149894250814,3.623811905952976,7
1812,-0.02933046406201467,3.6258129064532265,7
1813,-0.10508895894341641,3.6278139069534765,7
1814,-0.18548956164268426,3.6298149074537265,7
1815,-0.26997570438915464,3.631815907953977,7
1816,-0.3579583224731302,3.633816908454227,7
1817,-0.44882040365137105,3.635817908954477,7
1818,-0.541921754020494,3.6378189094547273,7
1819,-0.6366039434692722,3.6398199099549773,7
1820,-0.7321953924317604,3.6418209104552273,7
1821,-0.8280165605678533,3.6438219109554777,7
1822,-0.9233851972104559,3.6458229114557277,7
1823,-1.0176216129393243,3.6478239119559777,7
1824,-1.1100539314782083,3.6498249124562276,7
1825,-1.2000232812646818,3.651825912956478,7
1826,-1.286888886508376,3.653826913456728,7
1827,-1.37003301833192,3.655827913956978,7
1828,-1.4488657676714314,3.6578289144572285,7
1829,-1.5228296029929833,3.6598299149574784,7
1830,-1.5914036775479232,3.6618309154577284,7
1831,-1.6541078528272513,3.663831915957979,7
1832,-1.7105064070733345,3.665832916458229,7
1833,-1.7602114001441618,3.667833916958479,7
1834,-1.8028856686855494,3.6698349174587293,7
1835,-1.8382454284284402,3.6718359179589792,7
1836,-1.8660624634694112,3.673836918459229,7
1837,-1.8861658855892818,3.6758379189594796,7
1838,-1.8984434499929121,3.6778389194597296,7
1839,-1.9028424172869518,3.6798399199599796,7
1840,-1.8993699550242917,3.68184092046023,7
1841,-1.888093075708233,3.68384192096048,7
1842,-1.8691381117372536,3.68584292146073,7
1843,-1.8426897313555053,3.6878439219609804,7
1844,-1.8089895032272263,3.6898449224612304,7
1845,-1.7683340207467169,3.6918459229614804,7
1846,-1.721072600603909,3.6938469234617304,7
1847,-1.6676045734203333,3.695847923961981,7
1848,-1.6083761874286733,3.697848924462231,7
1849,-1.5438771491633712,3.6998499249624808,7
1850,-1.4746368279403412,3.701850925462731,7
1851,-1.401220153505694,3.703851925962981,7
1852,-1.324223238608452,3.705852926463231,7
1853,-1.2442687603815512,3.7078539269634816,7
1854,-1.1620011362826368,3.7098549274637316,7
1855,-1.0780815319353672,3.7118559279639816,7
1856,-0.9931827395145303,3.713856928464232,7
1857,-0.9079839663188499,3.715857928964482,7
1858,-0.8231655738714985,3.717858929464732,7
1859,-0.7394038082710156,3.7198599299649824,7
1860,-0.6573655625828473,3.7218609304652324,7
1861,-0.5777032118136749,3.7238619309654823,7
1862,-0.5010495604490457,3.7258629314657328,7
1863,-0.42801294166368187,3.7278639319659828,7
1864,-0.3591725061388946,3.7298649324662327,7
1865,-0.2950737369550719,3.731865932966483,7
1866,-0.23622422527632936,3.733866933466733,7
1867,-0.18308973952597396,3.735867933966983,7
1868,-0.1360906184797619,3.7378689344672336,7
1869,-0.0955985161966828,3.7398699349674835,7
1870,-0.061933523983012106,3.7418709354677335,7
1871,-0.035361691667767925,3.7438719359679835,7
1872,-0.016092967375931466,3.745872936468234,7
1873,-0.004279571747128674,3.747873936968484,7
1874,-1.4819183992598184e-05,3.749874937468734,7
1875,-0.0033323952546253643,3.7518759379689843,7
1876,-0.014206095842365096,3.7538769384692343,7
1877,-0.0325500300620275,3.7558779389694843,7
1878,-0.05821928537197618,3.7578789394697347,7
1879,-0.09101104973354701,3.7598799399699847,7
1880,-0.1306661821318581,3.7618809404702347,7
1881,-0.1768712193010069,3.763881940970485,7
1882,-0.2292608031206671,3.765882941470735,7
1883,-0.28742050989454415,3.767883941970985,7
1884,-0.3508900596103416,3.7698849424712355,7
1885,-0.41916688033971017,3.7718859429714855,7
1886,-0.49171000018790245,3.7738869434717355,7
1887,-0.5679442366666261,3.775887943971986,7
1888,-0.6472646510624063,3.777888944472236,7
1889,-0.729041233320781,3.779889944972486,7
1890,-0.8126237811824495,3.7818909454727363,7
1891,-0.8973469358040258,3.7838919459729863,7
1892,-0.982535334884807,3.7858929464732363,7
1893,-1.0675088434111535,3.7878939469734867,7
1894,-1.1515878215290098,3.7898949474737367,7
1895,-1.234098388768725,3.7918959479739867,7
1896,-1.3143776438729253,3.7938969484742366,7
1897,-1.3917787998236104,3.795897948974487,7
1898,-1.465676194319217,3.797898949474737,7
1899,-1.5354701369181938,3.799899949974987,7
1900,-1.6005915553283563,3.8019009504752375,7
1901,-1.6605064048769735,3.8039019509754874,7
1902,-1.714719807029335,3.8059029514757374,7
1903,-1.7627798849207021,3.807903951975988,7
1904,-1.8042812662116923,3.809904952476238,7
1905,-1.8388682261528122,3.811905952976488,7
1906,-1.8662374465278837,3.8139069534767382,7
1907,-1.8861403691202496,3.8159079539769882,7
1908,-1.8983851254836157,3.817908954477238,7
1909,-1.902838028079214,3.8199099549774886,7
1910,-1.8994246112362343,3.8219109554777386,7
1911,-1.8881302138769505,3.8239119559779886,7
1912,-1.8690000994949336,3.825912956478239,7
1913,-1.8421391124566744,3.827913956978489,7
1914,-1.8077108732858838,3.829914957478739,7
1915,-1.7659365191584002,3.8319159579789894,7
1916,-1.7170929993557988,3.8339169584792394,7
1917,-1.661510938870558,3.8359179589794894,7
1918,-1.5995720866984597,3.8379189594797394,7
1919,-1.5317063685686385,3.83991995997999,7
1920,-1.4583885669234342,3.84192096048024,7
1921,-1.3801346538453518,3.8439219609804898,7
1922,-1.2974978053149635,3.84592296148074,7
1923,-1.2110641276504372,3.84792396198099,7
1924,-1.121448129206344,3.84992496248124,7
1925,-1.0292879723823984,3.8519259629814906,7
1926,-0.935240542692399,3.8539269634817406,7
1927,-0.8399763730598172,3.8559279639819906,7
1928,-0.7441744626272965,3.857928964482241,7
1929,-0.6485170301840186,3.859929964982491,7
1930,-0.5536842428199216,3.861930965482741,7
1931,-0.46034896060910613,3.8639319659829914,7
1932,-0.3691715379990584,3.8659329664832414,7
1933,-0.2807947221443802,3.8679339669834913,7
1934,-0.19583868767312218,3.8699349674837418,7
1935,-0.1148962463174904,3.8719359679839918,7
1936,-0.03852826848698576,3.8739369684842417,7
1937,0.032740647777643184,3.875937968984492,7
1938,0.09842622694734549,3.877938969484742,7
1939,0.1580882538958155,3.879939969984992,7
1940,0.2113339706070444,3.8819409704852426,7
1941,0.25782110540893766,3.8839419709854925,7
1942,0.29726051128695896,3.8859429714857425,7
1943,0.32941839285749797,3.8879439719859925,7
1944,0.3541181047648344,3.889944972486243,7
1945,0.371241507583001,3.891945972986493,7
1946,0.38072987072902453,3.893946973486743,7
1947,0.38258431540021753,3.8959479739869933,7
1948,0.3768657941089215,3.8979489744872433,7
1949,0.36369460697492295,3.8999499749874933,7
1950,0.3432494585215723,3.9019509754877437,7
1951,0.3157660622784264,3.9039519759879937,7
1952,0.28153530399339055,3.9059529764882437,7
1953,0.24090097767391694,3.907953976988494,7
1954,0.19425711198364948,3.909954977488744,7
1955,0.1420449076911855,3.911955977988994,7
1956,0.08474930987910156,3.9139569784892445,7
1957,0.02289524144771582,3.9159579789894945,7
1958,-0.04295647292957955,3.9179589794897445,7
1959,-0.11221346084664974,3.919959979989995,7
1960,-0.18425640049607261,3.921960980490245,7
1961,-0.25844382769647734,3.923961980990495,7
1962,-0.3341171144042428,3.9259629814907453,7
1963,-0.4106055801717964,3.9279639819909953,7
1964,-0.4872316969848408,3.9299649824912453,7
1965,-0.5633163471881152,3.9319659829914952,7
1966,-0.6381840937986785,3.9339669834917457,7
1967,-0.7111684224097099,3.9359679839919957,7
1968,-0.7816169141074836,3.9379689844922456,7
1969,-0.8488963093582489,3.939969984992496,7
1970,-0.9123974236657884,3.941970985492746,7
1971,-0.9715398769480308,3.943971985992996,7
1972,-1.0257766000220512,3.9459729864932465,7
1973,-1.0745980833133888,3.9479739869934964,7
1974,-1.1175363348999008,3.9499749874937464,7
1975,-1.154168517250615,3.951975987993997,7
1976,-1.1841202345071495,3.953976988494247,7
1977,-1.2070684448602966,3.955977988994497,7
1978,-1.2227439754760736,3.9579789894947472,7
1979,-1.2309336205020889,3.9599799899949972,7
1980,-1.2314818059124815,3.961980990495247,7
1981,-1.224291808302173,3.9639819909954976,7
1982,-1.2093265181942126,3.9659829914957476,7
1983,-1.1866087419493514,3.9679839919959976,7
1984,-1.1562210399387034,3.969984992496248,7
1985,-1.118305102229796,3.971985992996498,7
1986,-1.0730606666160498,3.973986993496748,7
1987,-1.0207439873625948,3.9759879939969984,7
1988,-0.9616658665185831,3.9779889944972484,7
1989,-0.8961892630323169,3.9799899949974984,7
1990,-0.824726498173668,3.9819909954977484,7
1991,-0.7477360788928135,3.983991995997999,7
1992,-0.6657191637017107,3.985992996498249,7
1993,-0.5792156984318401,3.9879939969984988,7
1994,-0.48880025177725206,3.989994997498749,7
1995,-0.3950775828555121,3.991995997998999,7
1996,-0.2986779750931967,3.993996998499249,7
1997,-0.20025237255237777,3.9959979989994996,7
1998,-0.1004673563424094,3.9979989994997496,7
1999,-7.83773951454306e-15,4.0,7
